seed,mode,steps,away_actions,away_fraction,fraction_different_from_initial_argmax,trace_norm,effective_displacement
41,genomic,3000,615,0.205,0.022333333333333334,0.3659021065913453,0.1303071400525463
41,uniform_positive,3000,628,0.20933333333333334,0.10833333333333334,0.3585847113479131,0.11098294940532595
42,genomic,3000,803,0.26766666666666666,0.0,0.25719996451411514,0.10364664112966457
42,uniform_positive,3000,810,0.27,0.0013333333333333333,0.2377561309314904,0.08292356065901599
43,genomic,3000,656,0.21866666666666668,0.0023333333333333335,0.26372246961065493,0.10275331136355452
43,uniform_positive,3000,657,0.219,0.06166666666666667,0.3069767244701168,0.12262192771074479
44,genomic,3000,728,0.24266666666666667,0.0016666666666666668,0.23187985037225534,0.13831734000725737
44,uniform_positive,3000,724,0.24133333333333334,0.012333333333333333,0.2565279457627786,0.1207702319013369
45,genomic,3000,806,0.26866666666666666,0.016,0.643110663114312,0.2433367322109075
45,uniform_positive,3000,835,0.2783333333333333,0.05333333333333334,0.6014051130974291,0.2351037487748001
46,genomic,3000,668,0.22266666666666668,0.0,0.3871018594307864,0.15771300127403848
46,uniform_positive,3000,678,0.226,0.005,0.37383824174301183,0.1405752161764608
47,genomic,3000,633,0.211,0.0,0.22825474520083694,0.09115333996953014
47,uniform_positive,3000,632,0.21066666666666667,0.0,0.22196609711278534,0.0728543723905661
48,genomic,3000,766,0.25533333333333336,0.03766666666666667,0.18252515319053908,0.11633492937471088
48,uniform_positive,3000,753,0.251,0.13966666666666666,0.1631830588640219,0.08735098040558154
49,genomic,3000,732,0.244,0.045,0.3033753490782958,0.14709594091260872
49,uniform_positive,3000,739,0.24633333333333332,0.10133333333333333,0.3428522246170576,0.1287962055579418
50,genomic,3000,711,0.237,0.0,0.3414079266735962,0.15686072718000438
50,uniform_positive,3000,724,0.24133333333333334,0.0,0.35278018045406906,0.13741948343377913
