treatment,algorithm,strategy,alpha,lambda,seed,requested_steps,completed_steps,extinction_step,population_end,population_mean,population_min,births,learning_displacement,td_absmean,q_absmax,trace_absmax,numerical_failure
reinforce,reinforce,ERL,nan,nan,41,300,300,,218,118.75747508305648,51,721,0.15779675040720345,nan,nan,nan,
evolution_only,reinforce,E,nan,nan,41,300,300,,175,125.72093023255815,54,734,0.0,nan,nan,nan,
sarsa_a0.001_l0,sarsa,ERL,0.001,0.0,41,300,300,,47,89.11960132890366,46,496,0.02415826406921778,0.47316084254622476,2.0814452198998685,1.0,
sarsa_a0.001_l0.5,sarsa,ERL,0.001,0.5,41,300,300,,103,96.51162790697674,57,551,0.02286208229730754,0.8150923275908223,2.0224699678362903,1.9375,
sarsa_a0.001_l0.9,sarsa,ERL,0.001,0.9,41,300,300,,98,99.74750830564784,57,548,0.032478770159411516,0.9134576225419919,2.0224699678362903,6.889479583889148,
sarsa_a0.01_l0,sarsa,ERL,0.01,0.0,41,300,300,,133,100.04983388704319,49,552,0.22927359925792432,0.634499712041513,2.0224699678362903,1.0,
sarsa_a0.01_l0.5,sarsa,ERL,0.01,0.5,41,300,300,,147,111.38538205980066,54,595,0.21004015030140583,0.7146066832999706,2.0536454483675546,1.9747321984124553,
sarsa_a0.01_l0.9,sarsa,ERL,0.01,0.9,41,300,300,,197,141.08305647840533,52,745,0.24005246089458934,0.6131940968353489,2.0230973713916174,6.589699841218297,
sarsa_a0.05_l0,sarsa,ERL,0.05,0.0,41,300,300,,552,219.58803986710964,48,1330,0.4911620319592732,0.510820798982359,2.0224699678362903,1.0,
sarsa_a0.05_l0.5,sarsa,ERL,0.05,0.5,41,300,300,,563,241.85382059800665,56,1555,0.5420713193826379,0.5219898234201372,2.0224699678362903,1.984375,
sarsa_a0.05_l0.9,sarsa,ERL,0.05,0.9,41,300,300,,675,254.6046511627907,54,1660,0.759957859669852,0.5259828344194212,2.128685853047767,7.606101017338465,
reinforce,reinforce,ERL,nan,nan,42,300,300,,225,161.38205980066445,49,1042,0.16026435896960536,nan,nan,nan,
evolution_only,reinforce,E,nan,nan,42,300,300,,204,134.91029900332225,43,755,0.0,nan,nan,nan,
sarsa_a0.001_l0,sarsa,ERL,0.001,0.0,42,300,300,,141,103.38205980066445,41,563,0.021422559049164427,0.6130071125804785,1.2174017787328968,1.0,
sarsa_a0.001_l0.5,sarsa,ERL,0.001,0.5,42,300,300,,132,105.44186046511628,42,602,0.02024327882091029,0.6851959983201434,1.3935339345142663,1.8989261799900135,
sarsa_a0.001_l0.9,sarsa,ERL,0.001,0.9,42,300,300,,93,89.28571428571429,42,466,0.022726663360697702,0.6699365357353373,1.2707054574911885,6.412946828084651,
sarsa_a0.01_l0,sarsa,ERL,0.01,0.0,42,300,300,,193,118.88039867109634,49,627,0.18582811576750027,0.5750346566385411,1.3649286728232828,1.0,
sarsa_a0.01_l0.5,sarsa,ERL,0.01,0.5,42,300,300,,185,110.66777408637874,44,644,0.16857260978743416,0.690429908394952,1.4025485958455037,1.9419102727208646,
sarsa_a0.01_l0.9,sarsa,ERL,0.01,0.9,42,300,300,,137,116.39867109634551,48,629,0.21778737666451065,0.6419009016102248,1.3088329509856655,7.320852293552344,
sarsa_a0.05_l0,sarsa,ERL,0.05,0.0,42,300,300,,276,141.6312292358804,40,738,0.5636371687886772,0.48708567513479667,1.3698540550909044,1.0,
sarsa_a0.05_l0.5,sarsa,ERL,0.05,0.5,42,300,300,,369,160.2923588039867,50,881,0.5656560887261443,0.5066911505265619,1.4292801161195539,1.98620611496699,
sarsa_a0.05_l0.9,sarsa,ERL,0.05,0.9,42,300,300,,565,213.30232558139534,49,1312,0.7574668532607851,0.5035027696432335,1.7581991822575325,7.417164480782966,
reinforce,reinforce,ERL,nan,nan,43,300,300,,156,120.46179401993355,51,657,0.22765753349107795,nan,nan,nan,
evolution_only,reinforce,E,nan,nan,43,300,300,,90,69.72757475083057,47,340,0.0,nan,nan,nan,
sarsa_a0.001_l0,sarsa,ERL,0.001,0.0,43,300,300,,116,99.56810631229236,49,504,0.02779208396840478,0.7234267485435407,1.482248243854659,1.0,
sarsa_a0.001_l0.5,sarsa,ERL,0.001,0.5,43,300,300,,71,87.53488372093024,49,417,0.03400180175987138,0.7836141180961792,1.3856014407668553,1.8588531682210272,
sarsa_a0.001_l0.9,sarsa,ERL,0.001,0.9,43,300,300,,22,61.82392026578073,22,283,0.036974423387764604,0.8218157452032172,1.3070232675980942,6.2555065100447615,
sarsa_a0.01_l0,sarsa,ERL,0.01,0.0,43,300,300,,90,83.17940199335548,47,385,0.23566386317707133,0.6376200767355251,1.478792755477599,1.0,
sarsa_a0.01_l0.5,sarsa,ERL,0.01,0.5,43,300,300,,183,123.24252491694352,51,591,0.2420669687166081,0.6975173898614072,1.8052009408423517,1.984375,
sarsa_a0.01_l0.9,sarsa,ERL,0.01,0.9,43,300,300,,180,121.92691029900332,53,658,0.2207532637075079,0.7074198416221733,1.544495413464239,7.219628536780781,
sarsa_a0.05_l0,sarsa,ERL,0.05,0.0,43,300,300,,490,212.17940199335547,51,1185,0.6011196690460212,0.5831116710754092,1.5465164246867324,1.0,
sarsa_a0.05_l0.5,sarsa,ERL,0.05,0.5,43,300,300,,290,147.78737541528238,46,775,0.6724427299172311,0.5639399753010815,1.5586764208676698,1.96875,
sarsa_a0.05_l0.9,sarsa,ERL,0.05,0.9,43,300,300,,658,237.6013289036545,50,1367,0.7838263860010751,0.537212646620638,1.8052009408423517,7.461529567452851,
