treatment,algorithm,strategy,alpha,lambda,seed,requested_steps,completed_steps,extinction_step,population_end,population_mean,population_min,population_peak,population_peak_step,population_post_peak_min,population_cap_steps,births,deaths,carnivore_end,carnivore_mean,carnivore_peak,learning_displacement,td_absmean,q_absmax,trace_absmax,td_absmax_seen,q_absmax_seen,trace_absmax_seen,numerical_failure
reinforce,reinforce,ERL,nan,nan,52,3000,3000,,108,222.30589803398868,48,671,1848,93,0,10111,10063,5,31.44651782739087,94,0.18144309856181856,nan,nan,nan,nan,nan,nan,
evolution_only,reinforce,E,nan,nan,52,3000,2133,2133,0,39.872709096967675,0,196,449,0,0,1718,1778,0,13.693533270852859,71,nan,nan,nan,nan,nan,nan,nan,
sarsa_a0.05_l0,sarsa,ERL,0.05,0.0,52,3000,3000,,361,217.00033322225926,15,776,1737,69,0,8506,8205,3,31.752749083638786,138,0.6318881855959659,0.4300454681425688,1.3348263715437085,1.0,0.653379268566117,1.8049013772694784,1.0,
sarsa_a0.05_l0.9,sarsa,ERL,0.05,0.9,52,3000,684,684,0,40.853382205931354,0,523,291,0,0,2249,2309,6,86.56204379562044,253,nan,nan,nan,nan,0.8739102497977131,1.7877703221025179,8.14607419700654,
reinforce,reinforce,ERL,nan,nan,53,3000,3000,,40,108.47484171942686,6,587,739,6,0,5444,5464,1,18.07164278573809,178,0.22905181464472904,nan,nan,nan,nan,nan,nan,
evolution_only,reinforce,E,nan,nan,53,3000,1063,1063,0,17.717094301899365,0,130,139,0,0,688,748,1,3.1343984962406015,11,nan,nan,nan,nan,nan,nan,nan,
sarsa_a0.05_l0,sarsa,ERL,0.05,0.0,53,3000,3000,,125,212.36421192935688,9,645,2066,105,0,8049,7984,12,34.198267244251916,147,0.8290378190246085,0.4290935064430994,1.480921992371744,1.0,0.6674931259499768,1.8231916387196792,1.0,
sarsa_a0.05_l0.9,sarsa,ERL,0.05,0.9,53,3000,1030,1030,0,53.68477174275242,0,498,336,0,0,2574,2634,1,44.25509214354995,146,nan,nan,nan,nan,1.4780152505262616,2.4184112226259438,9.265959792518514,
reinforce,reinforce,ERL,nan,nan,54,3000,3000,,132,155.3678773742086,38,391,1613,59,0,6973,6901,2,22.524491836054647,83,0.2617240306235756,nan,nan,nan,nan,nan,nan,
evolution_only,reinforce,E,nan,nan,54,3000,3000,,768,258.0939686771076,47,813,2813,714,0,10058,9350,42,21.778740419860046,69,0.0,nan,nan,nan,nan,nan,nan,
sarsa_a0.05_l0,sarsa,ERL,0.05,0.0,54,3000,3000,,530,130.26591136287905,31,533,2998,530,0,4896,4426,3,16.764745084971675,149,0.6246082870668999,0.4184777898106408,1.2574630584523119,1.0,0.6286674682530075,1.6316955323204922,1.0,
sarsa_a0.05_l0.9,sarsa,ERL,0.05,0.9,54,3000,3000,,729,314.96634455181606,21,900,2531,711,0,12823,12154,47,25.4055314895035,228,1.4759234396125647,0.5528753477974868,1.877038220178303,9.613729529909163,0.7906888853164539,3.130255356043936,9.789259438958254,
