treatment,algorithm,alpha,beta,gamma,seed,requested_steps,completed_steps,extinction_step,population_end,population_mean,population_peak,carnivore_peak,births,learning_displacement,td_absmax_seen,actor_update_max_seen,critic_update_max_seen,critic_parameter_absmax_seen,numerical_failure
reinforce,reinforce,nan,nan,nan,41,300,300,,218,118.75747508305648,218,25,721,0.15779675040720345,nan,nan,nan,nan,
evolution_only,reinforce,nan,nan,nan,41,300,300,,175,125.72093023255815,187,9,734,0.0,nan,nan,nan,nan,
ac_a0.002_b0.004_g0,actor_critic,0.002,0.004,0.0,41,300,300,,216,147.4983388704319,221,8,792,0.011571950083883328,2.5413404599038096,0.009606522581492695,0.01948160176715708,0.09251161201380509,
ac_a0.002_b0.004_g0.9,actor_critic,0.002,0.004,0.9,41,300,300,,176,149.89036544850498,207,11,815,0.01210810527571375,2.254756522000077,0.008340205228176332,0.01771662579258706,0.13849211479186316,
ac_a0.002_b0.01_g0,actor_critic,0.002,0.01,0.0,41,300,300,,77,119.59136212624584,166,7,612,0.013249488300005637,2.842355352234341,0.00936214559316335,0.05687517705854691,0.3358526252369551,
ac_a0.002_b0.01_g0.9,actor_critic,0.002,0.01,0.9,41,300,300,,215,151.68770764119603,221,11,829,0.011183489294718157,2.3978941813381316,0.009685957333767937,0.05143909976709167,0.22549848798307628,
ac_a0.01_b0.02_g0,actor_critic,0.01,0.02,0.0,41,300,300,,122,110.54152823920266,139,22,596,0.06708932865071096,2.3283493261590262,0.06864180849093982,0.10787963713725103,0.8526780265828735,
ac_a0.01_b0.02_g0.9,actor_critic,0.01,0.02,0.9,41,300,300,,74,97.35880398671097,133,21,583,0.06782423104722574,2.078996044347436,0.04489020613341338,0.08608262701611953,0.47149431727575125,
ac_a0.01_b0.05_g0,actor_critic,0.01,0.05,0.0,41,300,300,,99,98.98006644518273,144,17,540,0.05897451513856631,1.736074785808554,0.04302081589927006,0.21412437145417873,0.991940942145866,
ac_a0.01_b0.05_g0.9,actor_critic,0.01,0.05,0.9,41,300,300,,109,93.29235880398672,121,6,479,0.05041545635073645,1.5566233109997987,0.037634103920238,0.19232591965594045,0.8265710286808395,
ac_a0.05_b0.1_g0,actor_critic,0.05,0.1,0.0,41,300,300,,101,91.3421926910299,119,13,517,0.23762171318002076,2.191927552219079,0.1,0.4889732781760259,1.5600503269412775,
ac_a0.05_b0.1_g0.9,actor_critic,0.05,0.1,0.9,41,300,300,,160,135.98671096345515,185,21,824,0.21726113973628908,2.0413561871320263,0.1,0.5,1.1518990721129465,
ac_a0.05_b0.25_g0,actor_critic,0.05,0.25,0.0,41,300,300,,213,141.5747508305648,225,10,793,0.2928600200672693,2.4583029996831924,0.10000000000000002,0.5,2.368131011291774,
ac_a0.05_b0.25_g0.9,actor_critic,0.05,0.25,0.9,41,300,300,,70,79.70099667774086,108,18,432,0.12356738145809809,0.9241459582598364,0.1,0.5,0.9229950416430329,
reinforce,reinforce,nan,nan,nan,42,300,300,,225,161.38205980066445,253,22,1042,0.16026435896960536,nan,nan,nan,nan,
evolution_only,reinforce,nan,nan,nan,42,300,300,,204,134.91029900332225,212,25,755,0.0,nan,nan,nan,nan,
ac_a0.002_b0.004_g0,actor_critic,0.002,0.004,0.0,42,300,300,,137,122.64119601328903,164,31,726,0.012308276604490099,2.2161292320740644,0.009038261657985068,0.02100529437889143,0.09575557483839309,
ac_a0.002_b0.004_g0.9,actor_critic,0.002,0.004,0.9,42,300,300,,128,123.70431893687707,164,36,735,0.013136114627142401,2.2578340619877215,0.007012878043304807,0.01974080064612714,0.10275255207189905,
ac_a0.002_b0.01_g0,actor_critic,0.002,0.01,0.0,42,300,300,,141,122.76744186046511,164,30,724,0.012687766196629703,2.207647707621983,0.008916664588246085,0.05231225836510106,0.20818610019622188,
ac_a0.002_b0.01_g0.9,actor_critic,0.002,0.01,0.9,42,300,300,,268,164.69435215946845,268,24,976,0.0105303788532132,1.501171187378038,0.006286081246394261,0.035022725241159514,0.28758467900738405,
ac_a0.01_b0.02_g0,actor_critic,0.01,0.02,0.0,42,300,300,,103,89.42524916943522,130,12,507,0.059933905305950816,2.3973602801967266,0.038843139166296066,0.09780688041199916,0.4342216667790493,
ac_a0.01_b0.02_g0.9,actor_critic,0.01,0.02,0.9,42,300,300,,161,111.7375415282392,166,14,606,0.0630941061426357,2.812193135184863,0.0608884060624663,0.1067807504420067,0.5124893228832808,
ac_a0.01_b0.05_g0,actor_critic,0.01,0.05,0.0,42,300,300,,149,118.30232558139535,182,9,662,0.05024243034076068,1.6693543769317447,0.03134051117715302,0.17516494734745847,0.9301900834648928,
ac_a0.01_b0.05_g0.9,actor_critic,0.01,0.05,0.9,42,300,300,,185,141.41196013289036,214,18,801,0.04824288189662721,2.019693675182165,0.043294898508822864,0.23764853408544187,0.7549375474815427,
ac_a0.05_b0.1_g0,actor_critic,0.05,0.1,0.0,42,300,300,,83,94.0,139,24,560,0.21669987003906635,2.321740817504657,0.10000000000000002,0.4950184341719389,1.369060930646017,
ac_a0.05_b0.1_g0.9,actor_critic,0.05,0.1,0.9,42,300,300,,247,145.12292358803987,247,15,896,0.1866909929414312,1.7207293695801624,0.10000000000000002,0.38809812099223867,0.8903867430278924,
ac_a0.05_b0.25_g0,actor_critic,0.05,0.25,0.0,42,300,300,,68,88.58803986710963,135,7,517,0.29634172581226864,2.169414836023779,0.10000000000000002,0.5,2.0414700580622958,
ac_a0.05_b0.25_g0.9,actor_critic,0.05,0.25,0.9,42,300,300,,118,102.13621262458472,147,17,594,0.161502307634036,1.13208534192017,0.1,0.5,1.2459151327824782,
reinforce,reinforce,nan,nan,nan,43,300,300,,156,120.46179401993355,166,14,657,0.22765753349107795,nan,nan,nan,nan,
evolution_only,reinforce,nan,nan,nan,43,300,300,,90,69.72757475083057,95,15,340,0.0,nan,nan,nan,nan,
ac_a0.002_b0.004_g0,actor_critic,0.002,0.004,0.0,43,300,300,,55,85.25249169435216,117,11,402,0.012496654004199319,1.7426048870649429,0.006899977527033221,0.014211716665863685,0.11172723007344952,
ac_a0.002_b0.004_g0.9,actor_critic,0.002,0.004,0.9,43,300,300,,73,88.71428571428571,121,11,418,0.012471078299394305,1.723087314989787,0.006734309219857632,0.014061399277839766,0.10217180288250657,
ac_a0.002_b0.01_g0,actor_critic,0.002,0.01,0.0,43,300,300,,82,86.51162790697674,119,6,415,0.016183897637007838,1.7712247559712573,0.004888985230372918,0.036135572306522624,0.20048694225150074,
ac_a0.002_b0.01_g0.9,actor_critic,0.002,0.01,0.9,43,300,300,,71,88.33887043189368,121,11,420,0.011479163355382418,1.727642064172366,0.006570372700710746,0.03524642173119198,0.23713498372788785,
ac_a0.01_b0.02_g0,actor_critic,0.01,0.02,0.0,43,300,300,,76,87.37541528239203,121,17,445,0.06883303924999913,1.7952830618907873,0.03550372367555826,0.07199721681584782,0.48588491469437667,
ac_a0.01_b0.02_g0.9,actor_critic,0.01,0.02,0.9,43,300,300,,49,82.50830564784053,126,18,428,0.07063304909867743,1.748995673162396,0.027366847538440667,0.07047314442342176,0.5106036810895742,
ac_a0.01_b0.05_g0,actor_critic,0.01,0.05,0.0,43,300,300,,98,96.83388704318936,124,25,502,0.061380100517621335,1.55359095341744,0.02490496850069836,0.17272961219467406,1.0731494700164104,
ac_a0.01_b0.05_g0.9,actor_critic,0.01,0.05,0.9,43,300,300,,106,95.08305647840531,136,16,474,0.05802776389565298,1.8789178137990656,0.0364796252187343,0.18631792174972114,0.7407443658165679,
ac_a0.05_b0.1_g0,actor_critic,0.05,0.1,0.0,43,300,300,,124,100.09634551495017,129,15,547,0.2765767793225022,2.180983058485854,0.1,0.3802011789909643,1.2941672547991148,
ac_a0.05_b0.1_g0.9,actor_critic,0.05,0.1,0.9,43,300,300,,175,115.61461794019934,176,13,670,0.19144508507028762,1.3970131308782134,0.10000000000000002,0.276716894539613,1.1236610395124098,
ac_a0.05_b0.25_g0,actor_critic,0.05,0.25,0.0,43,300,300,,158,149.5282392026578,222,36,876,0.2414085888003908,2.6571532599979406,0.10000000000000002,0.5,1.9814169232640435,
ac_a0.05_b0.25_g0.9,actor_critic,0.05,0.25,0.9,43,300,300,,68,79.8671096345515,106,9,387,0.16252023078781153,1.5276677248987656,0.1,0.5,1.183016074450001,
