Step,Speed_1_Predator,Speed_2_Predator,Speed_1_Prey,Speed_2_Prey,Predator_Prop_Speed2,Prey_Prop_Speed2Avg_Age_S1_Predator,Avg_Age_S2_Predator,Avg_Age_S1_Prey,Avg_Age_S2_Prey
0,5,0,6,0,0.0,0.0,1.0,0,1.0,0
1,5,0,6,0,0.0,0.0,2.0,0,2.0,0
2,5,0,6,0,0.0,0.0,3.0,0,3.0,0
3,5,0,6,0,0.0,0.0,4.0,0,4.0,0
4,5,0,8,0,0.0,0.0,5.0,0,3.75,0
5,5,0,11,0,0.0,0.0,6.0,0,3.4545454545454546,0
6,5,0,12,0,0.0,0.0,7.0,0,4.083333333333333,0
7,5,0,12,0,0.0,0.0,8.0,0,5.083333333333333,0
8,5,0,15,0,0.0,0.0,9.0,0,4.866666666666666,0
9,5,0,19,0,0.0,0.0,10.0,0,4.631578947368421,0
10,5,0,19,0,0.0,0.0,11.0,0,5.578947368421052,0
11,5,0,20,0,0.0,0.0,12.0,0,6.25,0
12,5,0,21,0,0.0,0.0,13.0,0,6.904761904761905,0
13,5,0,21,0,0.0,0.0,14.0,0,7.904761904761905,0
14,5,0,21,0,0.0,0.0,15.0,0,8.904761904761905,0
15,5,0,21,1,0.0,0.045454545454545456,16.0,0,9.904761904761905,0.0
16,5,0,21,2,0.0,0.08695652173913043,17.0,0,10.904761904761905,0.5
17,5,0,21,2,0.0,0.08695652173913043,18.0,0,11.904761904761905,1.5
18,5,0,21,2,0.0,0.08695652173913043,19.0,0,12.904761904761905,2.5
19,5,0,21,2,0.0,0.08695652173913043,20.0,0,13.904761904761905,3.5
20,5,0,21,4,0.0,0.16,21.0,0,14.333333333333334,2.25
21,5,0,21,4,0.0,0.16,22.0,0,14.571428571428571,3.25
22,5,0,21,4,0.0,0.16,23.0,0,15.571428571428571,4.25
23,5,0,21,5,0.0,0.19230769230769232,24.0,0,16.476190476190474,4.2
24,5,0,21,6,0.0,0.2222222222222222,25.0,0,17.476190476190474,4.333333333333333
25,7,0,21,6,0.0,0.2222222222222222,18.571428571428573,0,16.952380952380953,5.333333333333333
26,8,0,21,7,0.0,0.25,17.125,0,17.952380952380953,5.428571428571429
27,8,0,21,7,0.0,0.25,18.125,0,18.952380952380953,6.428571428571429
28,8,0,21,8,0.0,0.27586206896551724,19.125,0,19.952380952380953,6.5
29,8,0,21,8,0.0,0.27586206896551724,20.125,0,20.952380952380953,7.5
30,8,0,21,9,0.0,0.3,21.125,0,21.952380952380953,7.555555555555555
31,8,0,21,10,0.0,0.3225806451612903,22.125,0,22.952380952380953,7.7
32,8,0,21,11,0.0,0.34375,23.125,0,23.952380952380953,7.909090909090909
33,7,0,21,11,0.0,0.34375,22.714285714285715,0,24.952380952380953,8.909090909090908
34,7,0,21,11,0.0,0.34375,23.714285714285715,0,25.952380952380953,9.909090909090908
35,7,0,21,11,0.0,0.34375,24.714285714285715,0,26.952380952380953,10.909090909090908
36,7,0,21,12,0.0,0.36363636363636365,25.714285714285715,0,27.952380952380953,10.916666666666666
37,7,0,21,13,0.0,0.38235294117647056,26.714285714285715,0,28.952380952380953,11.0
38,7,0,21,13,0.0,0.38235294117647056,27.714285714285715,0,28.333333333333332,12.0
39,8,0,21,13,0.0,0.38235294117647056,25.125,0,27.428571428571427,13.0
40,9,0,21,14,0.0,0.4,23.22222222222222,0,28.428571428571427,13.0
41,10,0,21,14,0.0,0.4,21.8,0,29.428571428571427,12.5
42,10,0,21,13,0.0,0.38235294117647056,22.8,0,30.428571428571427,13.076923076923077
43,10,0,21,13,0.0,0.38235294117647056,23.8,0,31.428571428571427,14.076923076923077
44,10,0,21,13,0.0,0.38235294117647056,24.8,0,32.42857142857143,15.076923076923077
45,10,0,21,13,0.0,0.38235294117647056,25.8,0,33.42857142857143,16.076923076923077
46,10,0,21,13,0.0,0.38235294117647056,26.8,0,34.42857142857143,17.076923076923077
47,10,0,21,13,0.0,0.38235294117647056,27.8,0,35.42857142857143,18.076923076923077
48,10,0,21,13,0.0,0.38235294117647056,28.8,0,35.095238095238095,19.076923076923077
49,10,0,21,13,0.0,0.38235294117647056,29.8,0,36.095238095238095,20.076923076923077
50,10,0,21,13,0.0,0.38235294117647056,30.8,0,37.095238095238095,21.076923076923077
51,10,0,21,13,0.0,0.38235294117647056,31.8,0,38.095238095238095,22.076923076923077
52,10,0,21,14,0.0,0.4,32.8,0,39.095238095238095,21.428571428571427
53,10,0,21,14,0.0,0.4,33.8,0,40.095238095238095,22.428571428571427
54,10,0,21,14,0.0,0.4,34.8,0,41.095238095238095,23.428571428571427
55,10,0,21,14,0.0,0.4,35.8,0,42.095238095238095,24.428571428571427
56,10,0,21,14,0.0,0.4,36.8,0,43.095238095238095,25.428571428571427
57,10,1,21,15,0.09090909090909091,0.4166666666666667,37.8,0.0,42.57142857142857,24.666666666666668
58,10,1,21,16,0.09090909090909091,0.43243243243243246,38.8,1.0,43.57142857142857,24.0625
59,8,1,21,16,0.1111111111111111,0.43243243243243246,41.25,2.0,41.714285714285715,25.0625
60,7,1,21,17,0.125,0.4473684210526316,43.42857142857143,3.0,42.714285714285715,24.529411764705884
61,7,1,21,17,0.125,0.4473684210526316,44.42857142857143,4.0,43.714285714285715,25.529411764705884
62,7,1,21,18,0.125,0.46153846153846156,45.42857142857143,5.0,44.714285714285715,22.5
63,7,1,21,19,0.125,0.475,46.42857142857143,6.0,42.95238095238095,22.263157894736842
64,7,1,21,19,0.125,0.475,47.42857142857143,7.0,43.95238095238095,23.263157894736842
65,7,1,21,19,0.125,0.475,48.42857142857143,8.0,44.95238095238095,24.263157894736842
66,7,1,21,19,0.125,0.475,49.42857142857143,9.0,45.95238095238095,25.263157894736842
67,7,1,21,19,0.125,0.475,50.42857142857143,10.0,46.95238095238095,26.263157894736842
68,8,1,21,19,0.1111111111111111,0.475,45.0,11.0,47.95238095238095,24.473684210526315
69,8,1,21,20,0.1111111111111111,0.4878048780487805,46.0,12.0,48.95238095238095,24.2
70,8,1,21,20,0.1111111111111111,0.4878048780487805,47.0,13.0,49.95238095238095,25.2
71,8,1,21,21,0.1111111111111111,0.5,48.0,14.0,50.95238095238095,24.952380952380953
72,9,1,21,20,0.1,0.4878048780487805,43.55555555555556,15.0,51.95238095238095,24.65
73,9,1,21,21,0.1,0.5,44.55555555555556,16.0,52.95238095238095,24.428571428571427
74,8,1,21,21,0.1111111111111111,0.5,47.0,17.0,53.95238095238095,25.428571428571427
75,9,1,21,20,0.1,0.4878048780487805,42.666666666666664,18.0,54.95238095238095,27.1
76,10,1,21,18,0.09090909090909091,0.46153846153846156,39.3,19.0,55.95238095238095,26.555555555555557
77,10,1,21,18,0.09090909090909091,0.46153846153846156,40.3,20.0,56.95238095238095,26.61111111111111
78,10,1,21,20,0.09090909090909091,0.4878048780487805,41.3,21.0,57.95238095238095,24.85
79,10,1,21,20,0.09090909090909091,0.4878048780487805,42.3,22.0,55.61904761904762,25.85
80,10,1,21,20,0.09090909090909091,0.4878048780487805,43.3,23.0,56.61904761904762,26.85
81,10,1,21,21,0.09090909090909091,0.5,44.3,24.0,57.61904761904762,26.523809523809526
82,10,1,21,21,0.09090909090909091,0.5,45.3,25.0,58.61904761904762,27.523809523809526
83,10,1,21,19,0.09090909090909091,0.475,46.3,26.0,59.61904761904762,29.42105263157895
84,10,1,21,19,0.09090909090909091,0.475,47.3,27.0,60.61904761904762,30.42105263157895
85,10,1,21,19,0.09090909090909091,0.475,48.3,28.0,61.61904761904762,31.42105263157895
86,10,1,21,20,0.09090909090909091,0.4878048780487805,49.3,29.0,62.61904761904762,30.8
87,10,1,21,21,0.09090909090909091,0.5,50.3,30.0,63.61904761904762,30.285714285714285
88,10,1,21,21,0.09090909090909091,0.5,51.3,31.0,64.61904761904762,31.285714285714285
89,10,1,21,20,0.09090909090909091,0.4878048780487805,52.3,32.0,65.61904761904762,30.85
90,10,1,21,20,0.09090909090909091,0.4878048780487805,53.3,33.0,66.61904761904762,31.85
91,10,1,21,20,0.09090909090909091,0.4878048780487805,54.3,34.0,63.857142857142854,32.85
92,10,1,21,20,0.09090909090909091,0.4878048780487805,55.3,35.0,64.85714285714286,33.85
93,10,1,21,20,0.09090909090909091,0.4878048780487805,56.3,36.0,65.85714285714286,34.85
94,10,1,21,19,0.09090909090909091,0.475,57.3,37.0,66.85714285714286,34.05263157894737
95,10,1,21,19,0.09090909090909091,0.475,58.3,38.0,67.85714285714286,35.05263157894737
96,10,1,21,20,0.09090909090909091,0.4878048780487805,59.3,39.0,68.85714285714286,34.25
97,10,1,21,20,0.09090909090909091,0.4878048780487805,60.3,40.0,69.85714285714286,35.25
98,10,1,21,21,0.09090909090909091,0.5,61.3,41.0,70.85714285714286,34.523809523809526
99,10,1,21,21,0.09090909090909091,0.5,62.3,42.0,71.85714285714286,35.523809523809526
100,10,1,21,21,0.09090909090909091,0.5,63.3,43.0,72.85714285714286,36.523809523809526
101,10,1,21,21,0.09090909090909091,0.5,64.3,44.0,73.85714285714286,37.523809523809526
102,10,1,21,21,0.09090909090909091,0.5,65.3,45.0,74.85714285714286,38.523809523809526
103,10,1,21,21,0.09090909090909091,0.5,66.3,46.0,75.85714285714286,39.523809523809526
104,10,1,21,21,0.09090909090909091,0.5,67.3,47.0,76.85714285714286,40.523809523809526
105,10,1,21,21,0.09090909090909091,0.5,68.3,48.0,77.85714285714286,41.523809523809526
106,10,1,21,21,0.09090909090909091,0.5,69.3,49.0,78.85714285714286,42.523809523809526
107,10,1,21,21,0.09090909090909091,0.5,70.3,50.0,79.85714285714286,43.523809523809526
108,10,1,21,21,0.09090909090909091,0.5,71.3,51.0,80.85714285714286,42.333333333333336
109,9,1,21,21,0.1,0.5,76.55555555555556,52.0,81.85714285714286,43.333333333333336
110,8,1,21,21,0.1111111111111111,0.5,83.0,53.0,82.85714285714286,44.333333333333336
111,8,1,21,21,0.1111111111111111,0.5,84.0,54.0,83.85714285714286,45.333333333333336
112,8,1,21,21,0.1111111111111111,0.5,85.0,55.0,84.85714285714286,45.57142857142857
113,8,1,21,21,0.1111111111111111,0.5,86.0,56.0,85.85714285714286,46.57142857142857
114,8,1,21,21,0.1111111111111111,0.5,87.0,57.0,86.85714285714286,47.57142857142857
115,8,1,21,21,0.1111111111111111,0.5,88.0,58.0,87.85714285714286,48.57142857142857
116,8,1,21,21,0.1111111111111111,0.5,89.0,59.0,88.85714285714286,49.57142857142857
117,8,1,21,21,0.1111111111111111,0.5,90.0,60.0,89.85714285714286,50.57142857142857
118,8,1,21,21,0.1111111111111111,0.5,91.0,61.0,90.85714285714286,51.57142857142857
119,7,1,21,21,0.125,0.5,88.0,62.0,91.85714285714286,52.57142857142857
120,7,1,21,21,0.125,0.5,89.0,63.0,92.85714285714286,45.285714285714285
121,7,1,21,21,0.125,0.5,90.0,64.0,93.85714285714286,46.285714285714285
122,7,1,21,21,0.125,0.5,91.0,65.0,94.85714285714286,47.285714285714285
123,7,1,21,21,0.125,0.5,92.0,66.0,91.19047619047619,47.095238095238095
124,7,1,21,21,0.125,0.5,93.0,67.0,92.19047619047619,48.095238095238095
125,7,1,21,21,0.125,0.5,94.0,68.0,93.19047619047619,48.857142857142854
126,7,1,21,21,0.125,0.5,95.0,69.0,94.19047619047619,49.857142857142854
127,7,1,21,21,0.125,0.5,96.0,70.0,95.19047619047619,48.04761904761905
128,7,1,21,21,0.125,0.5,97.0,71.0,96.19047619047619,49.04761904761905
129,7,1,21,21,0.125,0.5,98.0,72.0,97.19047619047619,50.04761904761905
130,7,1,21,21,0.125,0.5,99.0,73.0,98.19047619047619,51.04761904761905
131,7,1,21,21,0.125,0.5,100.0,74.0,99.19047619047619,52.04761904761905
132,7,1,21,21,0.125,0.5,101.0,75.0,100.19047619047619,53.04761904761905
133,7,1,21,21,0.125,0.5,102.0,76.0,101.19047619047619,54.04761904761905
134,7,1,21,21,0.125,0.5,103.0,77.0,102.19047619047619,55.04761904761905
135,6,1,21,21,0.14285714285714285,0.5,98.66666666666667,78.0,103.19047619047619,56.04761904761905
136,6,2,21,21,0.25,0.5,99.66666666666667,39.5,100.52380952380952,57.04761904761905
137,6,2,21,21,0.25,0.5,100.66666666666667,40.5,101.52380952380952,58.04761904761905
138,6,3,21,21,0.3333333333333333,0.5,101.66666666666667,27.666666666666668,96.38095238095238,59.04761904761905
139,6,3,21,21,0.3333333333333333,0.5,102.66666666666667,28.666666666666668,97.38095238095238,60.04761904761905
140,6,3,21,21,0.3333333333333333,0.5,103.66666666666667,29.666666666666668,92.0952380952381,60.333333333333336
141,6,3,21,21,0.3333333333333333,0.5,104.66666666666667,30.666666666666668,93.0952380952381,61.333333333333336
142,6,3,21,21,0.3333333333333333,0.5,105.66666666666667,31.666666666666668,94.0952380952381,62.333333333333336
143,6,3,21,21,0.3333333333333333,0.5,106.66666666666667,32.666666666666664,95.0952380952381,60.19047619047619
144,7,3,21,21,0.3,0.5,92.28571428571429,33.666666666666664,89.66666666666667,61.19047619047619
145,7,3,21,21,0.3,0.5,93.28571428571429,34.666666666666664,90.66666666666667,62.19047619047619
146,7,3,21,21,0.3,0.5,94.28571428571429,35.666666666666664,91.66666666666667,63.19047619047619
147,7,4,21,21,0.36363636363636365,0.5,95.28571428571429,27.5,83.95238095238095,64.0
148,8,4,21,21,0.3333333333333333,0.5,84.25,28.5,84.95238095238095,64.0
149,8,4,21,21,0.3333333333333333,0.5,85.25,29.5,85.95238095238095,65.0
150,8,4,21,21,0.3333333333333333,0.5,86.25,30.5,86.95238095238095,66.0
151,8,4,21,21,0.3333333333333333,0.5,87.25,31.5,75.33333333333333,67.0
152,8,4,21,21,0.3333333333333333,0.5,88.25,32.5,76.33333333333333,62.714285714285715
153,8,6,21,21,0.42857142857142855,0.5,89.25,22.333333333333332,65.42857142857143,63.714285714285715
154,8,7,21,21,0.4666666666666667,0.5,90.25,20.0,66.42857142857143,64.71428571428571
155,8,7,21,21,0.4666666666666667,0.5,91.25,21.0,67.42857142857143,62.476190476190474
156,8,7,21,21,0.4666666666666667,0.5,92.25,22.0,68.42857142857143,63.476190476190474
157,8,8,21,21,0.5,0.5,93.25,20.125,69.42857142857143,59.76190476190476
158,8,8,21,21,0.5,0.5,94.25,21.125,70.0952380952381,60.76190476190476
159,8,8,21,21,0.5,0.5,95.25,22.125,71.0952380952381,61.76190476190476
160,8,8,21,21,0.5,0.5,96.25,23.125,72.0952380952381,62.76190476190476
161,8,8,21,21,0.5,0.5,97.25,24.125,73.0952380952381,63.76190476190476
162,8,8,21,21,0.5,0.5,98.25,25.125,74.0952380952381,64.76190476190476
163,7,8,21,21,0.5333333333333333,0.5,100.42857142857143,26.125,71.66666666666667,65.76190476190476
164,7,8,21,21,0.5333333333333333,0.5,101.42857142857143,27.125,72.66666666666667,66.76190476190476
165,7,8,21,21,0.5333333333333333,0.5,102.42857142857143,28.125,73.66666666666667,61.333333333333336
166,7,8,21,21,0.5333333333333333,0.5,103.42857142857143,29.125,74.66666666666667,62.333333333333336
167,7,8,21,21,0.5333333333333333,0.5,104.42857142857143,30.125,75.66666666666667,63.333333333333336
168,7,8,21,21,0.5333333333333333,0.5,105.42857142857143,31.125,76.66666666666667,64.33333333333333
169,7,8,21,21,0.5333333333333333,0.5,106.42857142857143,32.125,77.66666666666667,65.33333333333333
170,7,8,21,21,0.5333333333333333,0.5,107.42857142857143,33.125,78.66666666666667,61.61904761904762
171,7,8,21,21,0.5333333333333333,0.5,108.42857142857143,34.125,79.66666666666667,62.61904761904762
172,7,8,21,21,0.5333333333333333,0.5,109.42857142857143,35.125,80.66666666666667,63.61904761904762
173,7,8,21,21,0.5333333333333333,0.5,110.42857142857143,36.125,81.66666666666667,64.61904761904762
174,7,8,21,21,0.5333333333333333,0.5,111.42857142857143,37.125,82.66666666666667,65.61904761904762
175,7,8,21,21,0.5333333333333333,0.5,112.42857142857143,38.125,79.0952380952381,66.61904761904762
176,7,8,21,21,0.5333333333333333,0.5,113.42857142857143,39.125,80.0952380952381,67.61904761904762
177,7,8,21,21,0.5333333333333333,0.5,114.42857142857143,40.125,73.76190476190476,68.61904761904762
178,7,8,21,21,0.5333333333333333,0.5,110.57142857142857,41.125,74.76190476190476,67.42857142857143
179,7,8,21,21,0.5333333333333333,0.5,111.57142857142857,42.125,75.76190476190476,68.42857142857143
180,9,9,18,21,0.5,0.5384615384615384,87.55555555555556,38.333333333333336,68.66666666666667,69.42857142857143
181,9,10,17,21,0.5263157894736842,0.5526315789473685,88.55555555555556,35.4,63.76470588235294,70.42857142857143
182,8,10,17,21,0.5555555555555556,0.5526315789473685,96.5,36.4,64.76470588235294,71.42857142857143
183,8,10,19,21,0.5555555555555556,0.525,97.5,37.4,58.8421052631579,72.42857142857143
184,8,10,19,21,0.5555555555555556,0.525,98.5,38.4,59.8421052631579,73.42857142857143
185,8,10,18,21,0.5555555555555556,0.5384615384615384,99.5,39.4,62.72222222222222,74.42857142857143
186,8,10,18,21,0.5555555555555556,0.5384615384615384,100.5,40.4,63.72222222222222,75.42857142857143
187,8,10,18,21,0.5555555555555556,0.5384615384615384,101.5,41.4,64.72222222222223,76.42857142857143
188,8,8,18,21,0.5,0.5384615384615384,102.5,42.5,65.72222222222223,77.42857142857143
189,8,8,17,21,0.5,0.5526315789473685,103.5,43.5,66.76470588235294,78.42857142857143
190,8,8,17,21,0.5,0.5526315789473685,104.5,44.5,67.76470588235294,79.42857142857143
191,8,8,19,21,0.5,0.525,105.5,45.5,61.526315789473685,80.42857142857143
192,8,8,19,21,0.5,0.525,106.5,46.5,62.526315789473685,74.04761904761905
193,8,8,19,21,0.5,0.525,107.5,47.5,53.68421052631579,75.04761904761905
194,8,8,19,21,0.5,0.525,108.5,48.5,54.68421052631579,76.04761904761905
195,8,8,19,21,0.5,0.525,109.5,49.5,55.68421052631579,77.04761904761905
196,7,8,19,21,0.5333333333333333,0.525,98.14285714285714,50.5,56.68421052631579,78.04761904761905
197,7,8,19,21,0.5333333333333333,0.525,99.14285714285714,51.5,57.36842105263158,79.04761904761905
198,7,9,17,21,0.5625,0.5526315789473685,100.14285714285714,46.666666666666664,59.64705882352941,80.04761904761905
199,7,10,17,21,0.5882352941176471,0.5526315789473685,101.14285714285714,42.9,60.64705882352941,81.04761904761905
200,8,10,16,21,0.5555555555555556,0.5675675675675675,89.375,43.9,62.0,74.0
201,9,11,14,21,0.55,0.6,80.33333333333333,40.81818181818182,68.42857142857143,68.42857142857143
202,9,12,13,21,0.5714285714285714,0.6176470588235294,81.33333333333333,38.333333333333336,70.0,69.42857142857143
203,9,12,13,21,0.5714285714285714,0.6176470588235294,82.33333333333333,39.333333333333336,71.0,70.42857142857143
204,8,12,13,21,0.6,0.6176470588235294,73.125,40.333333333333336,72.0,68.71428571428571
205,8,13,12,20,0.6190476190476191,0.625,74.125,38.15384615384615,78.08333333333333,71.85
206,9,13,11,20,0.5909090909090909,0.6451612903225806,66.77777777777777,39.15384615384615,83.9090909090909,66.6
207,9,13,11,20,0.5909090909090909,0.6451612903225806,67.77777777777777,40.15384615384615,84.9090909090909,67.6
208,9,13,10,20,0.5909090909090909,0.6666666666666666,68.77777777777777,41.15384615384615,93.4,68.6
209,10,13,9,19,0.5652173913043478,0.6785714285714286,62.8,42.15384615384615,102.88888888888889,68.15789473684211
210,10,13,9,19,0.5652173913043478,0.6785714285714286,63.8,43.15384615384615,103.88888888888889,62.21052631578947
211,10,13,9,20,0.5652173913043478,0.6896551724137931,64.8,44.15384615384615,104.88888888888889,60.05
212,10,13,9,19,0.5652173913043478,0.6785714285714286,62.4,45.15384615384615,105.88888888888889,57.21052631578947
213,11,13,9,18,0.5416666666666666,0.6666666666666666,57.63636363636363,46.15384615384615,106.88888888888889,60.94444444444444
214,10,13,9,18,0.5652173913043478,0.6666666666666666,61.1,47.15384615384615,107.88888888888889,61.94444444444444
215,10,12,9,19,0.5454545454545454,0.6785714285714286,62.1,49.333333333333336,108.88888888888889,59.63157894736842
216,10,12,9,19,0.5454545454545454,0.6785714285714286,63.1,50.333333333333336,109.88888888888889,60.63157894736842
217,10,12,9,19,0.5454545454545454,0.6785714285714286,64.1,51.333333333333336,110.88888888888889,61.63157894736842
218,10,12,9,18,0.5454545454545454,0.6666666666666666,65.1,52.333333333333336,111.88888888888889,62.72222222222222
219,11,12,8,19,0.5217391304347826,0.7037037037037037,60.09090909090909,53.333333333333336,118.5,60.36842105263158
220,11,12,8,19,0.5217391304347826,0.7037037037037037,61.09090909090909,54.333333333333336,119.5,61.36842105263158
221,11,12,8,19,0.5217391304347826,0.7037037037037037,62.09090909090909,55.333333333333336,120.5,62.36842105263158
222,11,12,8,19,0.5217391304347826,0.7037037037037037,63.09090909090909,56.333333333333336,121.5,63.36842105263158
223,11,12,10,19,0.5217391304347826,0.6551724137931034,64.0909090909091,57.333333333333336,98.0,64.36842105263158
224,11,12,10,19,0.5217391304347826,0.6551724137931034,65.0909090909091,58.333333333333336,99.0,64.10526315789474
225,11,12,10,19,0.5217391304347826,0.6551724137931034,66.0909090909091,59.333333333333336,100.0,65.10526315789474
226,11,12,10,19,0.5217391304347826,0.6551724137931034,67.0909090909091,60.333333333333336,101.0,59.89473684210526
227,12,12,10,17,0.5,0.6296296296296297,62.416666666666664,61.333333333333336,102.0,63.35294117647059
228,11,12,10,17,0.5217391304347826,0.6296296296296297,54.63636363636363,62.333333333333336,103.0,64.3529411764706
229,11,12,10,16,0.5217391304347826,0.6153846153846154,55.63636363636363,63.333333333333336,104.0,58.375
230,11,13,10,14,0.5416666666666666,0.5833333333333334,56.63636363636363,59.38461538461539,105.0,58.57142857142857
231,11,13,10,15,0.5416666666666666,0.6,57.63636363636363,60.38461538461539,106.0,55.6
232,11,13,10,15,0.5416666666666666,0.6,58.63636363636363,61.38461538461539,107.0,56.6
233,11,12,9,16,0.5217391304347826,0.64,59.63636363636363,64.75,94.0,54.0
234,11,12,9,17,0.5217391304347826,0.6538461538461539,60.63636363636363,65.75,95.0,51.76470588235294
235,10,11,10,17,0.5238095238095238,0.6296296296296297,64.4,69.72727272727273,86.4,52.76470588235294
236,10,11,10,16,0.5238095238095238,0.6153846153846154,65.4,67.63636363636364,87.4,49.875
237,10,11,10,15,0.5238095238095238,0.6,66.4,68.63636363636364,88.4,53.86666666666667
238,10,12,9,16,0.5454545454545454,0.64,67.4,63.833333333333336,93.22222222222223,51.4375
239,10,12,9,16,0.5454545454545454,0.64,68.4,64.83333333333333,94.22222222222223,52.4375
240,9,12,8,18,0.5714285714285714,0.6923076923076923,73.33333333333333,65.83333333333333,100.0,47.5
241,9,12,7,17,0.5714285714285714,0.7083333333333334,74.33333333333333,66.83333333333333,102.0,50.35294117647059
242,9,12,7,16,0.5714285714285714,0.6956521739130435,75.33333333333333,67.83333333333333,103.0,54.0625
243,9,12,7,17,0.5714285714285714,0.7083333333333334,76.33333333333333,68.83333333333333,104.0,51.8235294117647
244,9,13,7,18,0.5909090909090909,0.72,77.33333333333333,64.46153846153847,105.0,36.166666666666664
245,9,13,7,18,0.5909090909090909,0.72,78.33333333333333,65.46153846153847,106.0,37.166666666666664
246,9,13,7,18,0.5909090909090909,0.72,79.33333333333333,66.46153846153847,107.0,36.22222222222222
247,9,13,6,18,0.5909090909090909,0.75,80.33333333333333,67.46153846153847,124.0,36.833333333333336
248,9,14,6,17,0.6086956521739131,0.7391304347826086,81.33333333333333,63.57142857142857,125.0,39.8235294117647
249,9,14,6,18,0.6086956521739131,0.75,82.33333333333333,64.57142857142857,126.0,38.55555555555556
250,9,14,6,18,0.6086956521739131,0.75,83.33333333333333,65.57142857142857,127.0,39.55555555555556
251,9,14,5,18,0.6086956521739131,0.782608695652174,84.33333333333333,66.57142857142857,103.2,40.55555555555556
252,9,14,5,18,0.6086956521739131,0.782608695652174,85.33333333333333,67.57142857142857,104.2,41.55555555555556
253,9,14,5,17,0.6086956521739131,0.7727272727272727,86.33333333333333,68.57142857142857,105.2,44.529411764705884
254,9,14,5,17,0.6086956521739131,0.7727272727272727,87.33333333333333,69.57142857142857,106.2,45.529411764705884
255,9,14,5,17,0.6086956521739131,0.7727272727272727,88.33333333333333,70.57142857142857,107.2,46.05882352941177
256,9,14,5,17,0.6086956521739131,0.7727272727272727,89.33333333333333,71.57142857142857,108.2,47.05882352941177
257,9,14,5,16,0.6086956521739131,0.7619047619047619,90.33333333333333,72.57142857142857,109.2,45.3125
258,9,15,5,15,0.625,0.75,91.33333333333333,68.66666666666667,110.2,36.6
259,9,15,5,15,0.625,0.75,92.33333333333333,69.66666666666667,111.2,37.6
260,9,14,5,15,0.6086956521739131,0.75,93.33333333333333,68.07142857142857,112.2,38.6
261,9,14,5,14,0.6086956521739131,0.7368421052631579,94.33333333333333,69.07142857142857,113.2,29.0
262,9,14,5,14,0.6086956521739131,0.7368421052631579,95.33333333333333,70.07142857142857,114.2,30.0
263,9,14,5,14,0.6086956521739131,0.7368421052631579,96.33333333333333,71.07142857142857,115.2,28.857142857142858
264,9,13,7,15,0.5909090909090909,0.6818181818181818,97.33333333333333,75.0,83.0,27.866666666666667
265,9,13,6,16,0.5909090909090909,0.7272727272727273,98.33333333333333,76.0,54.5,27.0625
266,9,13,6,16,0.5909090909090909,0.7272727272727273,99.33333333333333,77.0,55.5,28.0625
267,9,13,6,16,0.5909090909090909,0.7272727272727273,100.33333333333333,78.0,56.5,29.0625
268,9,13,6,16,0.5909090909090909,0.7272727272727273,101.33333333333333,79.0,57.5,30.0625
269,9,13,8,16,0.5909090909090909,0.6666666666666666,102.33333333333333,80.0,43.875,31.0625
270,9,12,7,16,0.5714285714285714,0.6956521739130435,103.33333333333333,84.91666666666667,32.142857142857146,32.0625
271,8,13,6,18,0.6190476190476191,0.75,88.625,79.3076923076923,30.666666666666668,29.38888888888889
272,7,13,6,18,0.65,0.75,94.85714285714286,80.3076923076923,31.666666666666668,30.38888888888889
273,7,13,6,19,0.65,0.76,95.85714285714286,81.3076923076923,32.666666666666664,29.736842105263158
274,7,13,6,19,0.65,0.76,96.85714285714286,82.3076923076923,33.666666666666664,30.736842105263158
275,7,13,6,19,0.65,0.76,97.85714285714286,83.3076923076923,34.666666666666664,31.736842105263158
276,7,13,6,20,0.65,0.7692307692307693,98.85714285714286,84.3076923076923,35.666666666666664,31.1
277,7,13,5,21,0.65,0.8076923076923077,99.85714285714286,85.3076923076923,42.4,27.61904761904762
278,8,12,5,20,0.6,0.8,88.25,75.08333333333333,43.4,28.15
279,8,12,5,20,0.6,0.8,89.25,76.08333333333333,44.4,29.15
280,8,12,5,20,0.6,0.8,90.25,77.08333333333333,45.4,30.15
281,8,12,5,20,0.6,0.8,91.25,78.08333333333333,46.4,31.15
282,8,13,4,20,0.6190476190476191,0.8333333333333334,92.25,73.0,56.0,32.15
283,8,13,4,20,0.6190476190476191,0.8333333333333334,93.25,74.0,57.0,33.15
284,7,13,5,20,0.65,0.8,97.57142857142857,75.0,46.4,34.15
285,7,13,5,20,0.65,0.8,98.57142857142857,76.0,47.2,34.1
286,7,13,5,21,0.65,0.8076923076923077,99.57142857142857,77.0,48.2,33.42857142857143
287,7,13,5,20,0.65,0.8,100.57142857142857,78.0,49.2,34.25
288,6,13,5,20,0.6842105263157895,0.8,100.5,79.0,50.2,35.25
289,6,13,5,21,0.6842105263157895,0.8076923076923077,101.5,80.0,51.2,34.523809523809526
290,6,13,5,21,0.6842105263157895,0.8076923076923077,102.5,81.0,52.2,35.523809523809526
291,6,13,6,21,0.6842105263157895,0.7777777777777778,103.5,82.0,44.333333333333336,36.523809523809526
292,6,11,6,21,0.6470588235294118,0.7777777777777778,104.5,81.81818181818181,45.333333333333336,37.523809523809526
293,6,11,6,21,0.6470588235294118,0.7777777777777778,105.5,82.81818181818181,46.333333333333336,38.523809523809526
294,6,11,7,21,0.6470588235294118,0.75,106.5,83.81818181818181,40.57142857142857,39.523809523809526
295,6,11,7,20,0.6470588235294118,0.7407407407407407,107.5,84.81818181818181,41.57142857142857,38.85
296,6,11,7,20,0.6470588235294118,0.7407407407407407,108.5,85.81818181818181,42.57142857142857,39.85
297,6,11,6,21,0.6470588235294118,0.7777777777777778,109.5,86.81818181818181,38.5,38.904761904761905
298,6,11,6,21,0.6470588235294118,0.7777777777777778,110.5,87.81818181818181,39.5,38.904761904761905
299,6,11,7,21,0.6470588235294118,0.75,111.5,88.81818181818181,34.714285714285715,39.904761904761905
300,6,11,7,21,0.6470588235294118,0.75,112.5,89.81818181818181,35.714285714285715,40.904761904761905
301,6,11,7,21,0.6470588235294118,0.75,113.5,90.81818181818181,36.714285714285715,41.76190476190476
302,7,11,7,19,0.6111111111111112,0.7307692307692307,98.14285714285714,91.81818181818181,37.714285714285715,40.10526315789474
303,6,11,7,18,0.6470588235294118,0.72,103.0,92.81818181818181,38.714285714285715,38.72222222222222
304,6,12,6,17,0.6666666666666666,0.7391304347826086,104.0,86.0,43.166666666666664,41.0
305,6,12,7,17,0.6666666666666666,0.7083333333333334,105.0,87.0,37.857142857142854,42.0
306,6,12,8,17,0.6666666666666666,0.68,106.0,88.0,34.0,43.0
307,6,12,8,17,0.6666666666666666,0.68,107.0,89.0,35.0,44.0
308,6,11,8,17,0.6470588235294118,0.68,108.0,84.0909090909091,36.0,45.0
309,6,11,8,17,0.6470588235294118,0.68,109.0,85.0909090909091,37.0,46.0
310,6,11,7,17,0.6470588235294118,0.7083333333333334,110.0,86.0909090909091,36.857142857142854,47.0
311,7,11,7,18,0.6111111111111112,0.72,95.14285714285714,87.0909090909091,37.857142857142854,44.111111111111114
312,7,11,8,18,0.6111111111111112,0.6923076923076923,96.14285714285714,88.0909090909091,34.0,45.111111111111114
313,7,11,8,20,0.6111111111111112,0.7142857142857143,97.14285714285714,89.0909090909091,35.0,41.5
314,5,11,8,19,0.6875,0.7037037037037037,54.0,90.0909090909091,36.0,42.1578947368421
315,5,11,8,20,0.6875,0.7142857142857143,55.0,91.0909090909091,37.0,41.0
316,5,9,8,20,0.6428571428571429,0.7142857142857143,56.0,93.66666666666667,38.0,42.0
317,5,9,8,21,0.6428571428571429,0.7241379310344828,57.0,94.66666666666667,39.0,40.95238095238095
318,5,9,8,21,0.6428571428571429,0.7241379310344828,58.0,95.66666666666667,40.0,39.333333333333336
319,5,9,7,21,0.6428571428571429,0.75,59.0,96.66666666666667,45.0,40.333333333333336
320,5,9,7,20,0.6428571428571429,0.7407407407407407,60.0,97.66666666666667,46.0,41.25
321,5,10,6,20,0.6666666666666666,0.7692307692307693,61.0,88.8,45.333333333333336,42.25
322,5,10,6,20,0.6666666666666666,0.7692307692307693,62.0,89.8,46.333333333333336,43.25
323,5,10,6,19,0.6666666666666666,0.76,63.0,90.8,47.333333333333336,45.421052631578945
324,5,10,6,19,0.6666666666666666,0.76,64.0,91.8,48.333333333333336,46.421052631578945
325,5,10,6,19,0.6666666666666666,0.76,65.0,92.8,49.333333333333336,47.421052631578945
326,5,10,6,19,0.6666666666666666,0.76,66.0,93.8,50.333333333333336,48.421052631578945
327,6,10,5,19,0.625,0.7916666666666666,55.833333333333336,94.8,55.0,49.421052631578945
328,6,10,5,19,0.625,0.7916666666666666,56.833333333333336,95.8,56.0,50.421052631578945
329,6,10,5,19,0.625,0.7916666666666666,57.833333333333336,96.8,57.0,51.421052631578945
330,6,10,5,20,0.625,0.8,58.833333333333336,97.8,58.0,49.8
331,6,10,5,21,0.625,0.8076923076923077,59.833333333333336,98.8,59.0,48.38095238095238
332,6,10,6,21,0.625,0.7777777777777778,60.833333333333336,99.8,50.0,49.38095238095238
333,6,10,6,21,0.625,0.7777777777777778,61.833333333333336,100.8,51.0,50.38095238095238
334,6,11,5,21,0.6470588235294118,0.8076923076923077,62.833333333333336,92.54545454545455,55.4,51.38095238095238
335,6,11,5,21,0.6470588235294118,0.8076923076923077,63.833333333333336,93.54545454545455,56.4,52.38095238095238
336,6,11,6,21,0.6470588235294118,0.7777777777777778,59.166666666666664,94.54545454545455,47.833333333333336,50.285714285714285
337,6,11,6,21,0.6470588235294118,0.7777777777777778,60.166666666666664,95.54545454545455,48.833333333333336,51.285714285714285
338,6,10,7,21,0.625,0.75,61.166666666666664,102.8,42.714285714285715,48.476190476190474
339,6,10,7,21,0.625,0.75,62.166666666666664,103.8,43.714285714285715,49.476190476190474
340,7,10,6,21,0.5882352941176471,0.7777777777777778,54.142857142857146,104.8,21.0,50.476190476190474
341,7,11,6,21,0.6111111111111112,0.7777777777777778,55.142857142857146,96.18181818181819,22.0,45.04761904761905
342,7,11,6,21,0.6111111111111112,0.7777777777777778,56.142857142857146,97.18181818181819,23.0,46.04761904761905
343,7,11,6,21,0.6111111111111112,0.7777777777777778,57.142857142857146,98.18181818181819,24.0,45.61904761904762
344,7,10,6,20,0.5882352941176471,0.7692307692307693,58.142857142857146,99.1,25.0,47.3
345,7,10,6,20,0.5882352941176471,0.7692307692307693,59.142857142857146,100.1,26.0,48.3
346,7,10,7,20,0.5882352941176471,0.7407407407407407,60.142857142857146,101.1,23.142857142857142,49.3
347,7,10,7,19,0.5882352941176471,0.7307692307692307,61.142857142857146,102.1,24.142857142857142,52.36842105263158
348,7,10,7,19,0.5882352941176471,0.7307692307692307,62.142857142857146,103.1,25.142857142857142,53.36842105263158
349,7,10,6,20,0.5882352941176471,0.7692307692307693,63.142857142857146,104.1,28.333333333333332,51.65
350,7,10,6,21,0.5882352941176471,0.7777777777777778,64.14285714285714,105.1,29.333333333333332,50.142857142857146
351,7,10,6,21,0.5882352941176471,0.7777777777777778,65.14285714285714,106.1,30.333333333333332,51.142857142857146
352,7,10,6,21,0.5882352941176471,0.7777777777777778,66.14285714285714,107.1,31.333333333333332,52.142857142857146
353,7,10,6,21,0.5882352941176471,0.7777777777777778,67.14285714285714,108.1,32.333333333333336,50.38095238095238
354,7,10,6,20,0.5882352941176471,0.7692307692307693,68.14285714285714,109.1,33.333333333333336,51.8
355,7,9,6,21,0.5625,0.7777777777777778,69.14285714285714,118.55555555555556,34.333333333333336,50.285714285714285
356,8,9,7,20,0.5294117647058824,0.7407407407407407,61.375,119.55555555555556,30.285714285714285,53.4
357,8,9,7,21,0.5294117647058824,0.75,62.375,120.55555555555556,31.285714285714285,51.80952380952381
358,8,9,7,21,0.5294117647058824,0.75,63.375,121.55555555555556,32.285714285714285,52.80952380952381
359,8,9,7,21,0.5294117647058824,0.75,64.375,122.55555555555556,33.285714285714285,53.80952380952381
360,8,9,6,21,0.5294117647058824,0.7777777777777778,65.375,123.55555555555556,36.333333333333336,54.61904761904762
361,7,9,6,21,0.5625,0.7777777777777778,71.0,124.55555555555556,37.333333333333336,55.61904761904762
362,7,9,6,21,0.5625,0.7777777777777778,72.0,125.55555555555556,38.333333333333336,56.61904761904762
363,7,9,6,20,0.5625,0.7692307692307693,73.0,113.77777777777777,39.333333333333336,50.45
364,7,9,6,20,0.5625,0.7692307692307693,74.0,114.77777777777777,40.333333333333336,50.4
365,7,9,7,21,0.5625,0.75,75.0,115.77777777777777,35.42857142857143,48.857142857142854
366,7,9,7,20,0.5625,0.7407407407407407,76.0,116.77777777777777,36.42857142857143,49.95
367,7,9,7,20,0.5625,0.7407407407407407,77.0,117.77777777777777,37.42857142857143,50.95
368,7,9,7,19,0.5625,0.7307692307692307,78.0,118.77777777777777,38.42857142857143,45.89473684210526
369,7,9,7,20,0.5625,0.7407407407407407,79.0,119.77777777777777,39.42857142857143,44.55
370,7,9,6,20,0.5625,0.7692307692307693,80.0,120.77777777777777,34.0,42.9
371,7,9,6,20,0.5625,0.7692307692307693,81.0,121.77777777777777,35.0,43.9
372,7,9,6,20,0.5625,0.7692307692307693,82.0,122.77777777777777,36.0,44.9
373,7,9,6,21,0.5625,0.7777777777777778,83.0,123.77777777777777,37.0,43.714285714285715
374,7,8,6,21,0.5333333333333333,0.7777777777777778,84.0,110.625,38.0,44.714285714285715
375,7,8,6,21,0.5333333333333333,0.7777777777777778,85.0,111.625,39.0,45.714285714285715
376,7,8,6,21,0.5333333333333333,0.7777777777777778,86.0,112.625,40.0,46.714285714285715
377,7,8,6,21,0.5333333333333333,0.7777777777777778,87.0,113.625,41.0,47.714285714285715
378,7,9,5,21,0.5625,0.8076923076923077,88.0,101.88888888888889,46.0,48.714285714285715
379,7,10,6,21,0.5882352941176471,0.7777777777777778,89.0,92.6,39.166666666666664,43.38095238095238
380,8,11,5,20,0.5789473684210527,0.8,78.75,85.0909090909091,48.0,41.7
381,8,11,5,20,0.5789473684210527,0.8,79.75,86.0909090909091,49.0,42.7
382,8,11,5,21,0.5789473684210527,0.8076923076923077,80.75,87.0909090909091,50.0,41.61904761904762
383,8,11,4,20,0.5789473684210527,0.8333333333333334,81.75,88.0909090909091,51.0,44.05
384,8,11,4,20,0.5789473684210527,0.8333333333333334,82.75,89.0909090909091,52.0,45.05
385,8,11,4,20,0.5789473684210527,0.8333333333333334,83.75,90.0909090909091,53.0,46.05
386,8,11,5,20,0.5789473684210527,0.8,84.75,91.0909090909091,43.2,47.05
387,8,11,5,20,0.5789473684210527,0.8,85.75,92.0909090909091,44.2,48.05
388,8,11,5,21,0.5789473684210527,0.8076923076923077,86.75,93.0909090909091,45.2,46.714285714285715
389,8,12,5,20,0.6,0.8,87.75,86.25,46.2,50.05
390,7,12,5,20,0.631578947368421,0.8,96.57142857142857,87.25,47.2,51.05
391,7,12,5,20,0.631578947368421,0.8,97.57142857142857,88.25,48.2,52.05
392,7,13,5,19,0.65,0.7916666666666666,98.57142857142857,82.38461538461539,49.2,54.68421052631579
393,6,13,5,19,0.6842105263157895,0.7916666666666666,102.5,83.38461538461539,50.2,55.68421052631579
394,6,13,6,19,0.6842105263157895,0.76,103.5,84.38461538461539,42.666666666666664,56.68421052631579
395,6,13,6,19,0.6842105263157895,0.76,104.5,85.38461538461539,43.666666666666664,57.68421052631579
396,6,13,6,19,0.6842105263157895,0.76,105.5,86.38461538461539,44.666666666666664,58.68421052631579
397,6,13,6,18,0.6842105263157895,0.75,106.5,87.38461538461539,45.666666666666664,55.111111111111114
398,6,13,6,17,0.6842105263157895,0.7391304347826086,107.5,88.38461538461539,46.666666666666664,57.94117647058823
399,6,13,6,18,0.6842105263157895,0.75,108.5,89.38461538461539,47.666666666666664,55.666666666666664
400,6,13,7,18,0.6842105263157895,0.72,109.5,90.38461538461539,41.714285714285715,54.44444444444444
401,6,12,7,21,0.6666666666666666,0.75,110.5,82.66666666666667,42.714285714285715,47.523809523809526
402,6,12,7,21,0.6666666666666666,0.75,111.5,83.66666666666667,43.714285714285715,48.523809523809526
403,6,12,7,21,0.6666666666666666,0.75,112.5,84.66666666666667,44.714285714285715,49.523809523809526
404,6,13,6,21,0.6842105263157895,0.7777777777777778,113.5,79.07692307692308,36.833333333333336,50.523809523809526
405,6,13,6,21,0.6842105263157895,0.7777777777777778,114.5,80.07692307692308,37.833333333333336,51.523809523809526
406,6,13,5,21,0.6842105263157895,0.8076923076923077,115.5,81.07692307692308,42.6,52.523809523809526
407,6,13,5,21,0.6842105263157895,0.8076923076923077,116.5,82.07692307692308,43.6,51.04761904761905
408,6,13,5,21,0.6842105263157895,0.8076923076923077,117.5,83.07692307692308,44.6,47.523809523809526
409,6,14,5,21,0.7,0.8076923076923077,118.5,78.07142857142857,45.6,45.666666666666664
410,6,14,6,21,0.7,0.7777777777777778,119.5,79.07142857142857,38.833333333333336,46.666666666666664
411,6,14,6,20,0.7,0.7692307692307693,120.5,80.07142857142857,39.833333333333336,49.45
412,6,13,6,20,0.6842105263157895,0.7692307692307693,121.5,84.6923076923077,40.833333333333336,50.45
413,5,12,6,19,0.7058823529411765,0.76,132.4,90.0,41.833333333333336,53.526315789473685
414,4,11,6,19,0.7333333333333333,0.76,158.25,96.18181818181819,42.833333333333336,54.526315789473685
415,4,11,6,19,0.7333333333333333,0.76,159.25,97.18181818181819,43.833333333333336,54.78947368421053
416,4,11,6,20,0.7333333333333333,0.7692307692307693,160.25,98.18181818181819,44.833333333333336,53.0
417,4,11,6,21,0.7333333333333333,0.7777777777777778,161.25,99.18181818181819,45.833333333333336,51.42857142857143
418,4,12,5,21,0.75,0.8076923076923077,162.25,91.83333333333333,52.6,52.42857142857143
419,5,11,6,21,0.6875,0.7777777777777778,130.6,87.81818181818181,44.666666666666664,53.23809523809524
420,5,12,7,19,0.7058823529411765,0.7307692307692307,131.6,81.41666666666667,39.142857142857146,56.78947368421053
421,5,13,7,18,0.7222222222222222,0.72,132.6,76.07692307692308,40.142857142857146,52.666666666666664
422,6,13,6,17,0.6842105263157895,0.7391304347826086,111.33333333333333,77.07692307692308,29.666666666666668,56.0
423,6,13,6,17,0.6842105263157895,0.7391304347826086,112.33333333333333,78.07692307692308,30.666666666666668,56.05882352941177
424,6,13,6,17,0.6842105263157895,0.7391304347826086,113.33333333333333,79.07692307692308,31.666666666666668,57.05882352941177
425,6,13,6,18,0.6842105263157895,0.75,114.33333333333333,80.07692307692308,32.666666666666664,54.833333333333336
426,6,12,6,19,0.6666666666666666,0.76,115.33333333333333,85.0,33.666666666666664,52.89473684210526
427,6,12,6,21,0.6666666666666666,0.7777777777777778,116.33333333333333,86.0,34.666666666666664,48.76190476190476
428,6,12,6,21,0.6666666666666666,0.7777777777777778,117.33333333333333,87.0,35.666666666666664,49.76190476190476
429,6,12,6,21,0.6666666666666666,0.7777777777777778,118.33333333333333,88.0,36.666666666666664,50.76190476190476
430,6,12,6,21,0.6666666666666666,0.7777777777777778,119.33333333333333,89.0,37.666666666666664,51.76190476190476
431,6,12,6,21,0.6666666666666666,0.7777777777777778,120.33333333333333,90.0,38.666666666666664,52.76190476190476
432,6,12,6,21,0.6666666666666666,0.7777777777777778,121.33333333333333,91.0,39.666666666666664,53.76190476190476
433,7,12,6,21,0.631578947368421,0.7777777777777778,104.85714285714286,92.0,40.666666666666664,51.666666666666664
434,7,12,6,20,0.631578947368421,0.7692307692307693,105.85714285714286,93.0,41.666666666666664,47.9
435,6,12,6,21,0.6666666666666666,0.7777777777777778,85.5,94.0,42.666666666666664,46.57142857142857
436,6,12,6,21,0.6666666666666666,0.7777777777777778,86.5,95.0,43.666666666666664,47.57142857142857
437,6,13,6,21,0.6842105263157895,0.7777777777777778,87.5,88.61538461538461,44.666666666666664,44.76190476190476
438,6,12,6,20,0.6666666666666666,0.7692307692307693,88.5,94.25,45.666666666666664,47.3
439,6,12,6,21,0.6666666666666666,0.7777777777777778,89.5,95.25,46.666666666666664,41.333333333333336
440,6,12,6,21,0.6666666666666666,0.7777777777777778,90.5,96.25,47.666666666666664,42.333333333333336
441,7,12,5,20,0.631578947368421,0.8,78.42857142857143,97.25,43.2,42.45
442,7,12,5,19,0.631578947368421,0.7916666666666666,79.42857142857143,98.25,44.2,45.473684210526315
443,7,12,5,19,0.631578947368421,0.7916666666666666,80.42857142857143,99.25,45.2,46.473684210526315
444,7,12,5,18,0.631578947368421,0.782608695652174,81.42857142857143,100.25,46.2,49.833333333333336
445,7,13,5,16,0.65,0.7619047619047619,82.42857142857143,93.46153846153847,47.2,43.0
446,7,13,5,17,0.65,0.7727272727272727,83.42857142857143,94.46153846153847,43.0,41.411764705882355
447,7,13,5,18,0.65,0.782608695652174,84.42857142857143,95.46153846153847,44.0,40.05555555555556
448,7,14,4,18,0.6666666666666666,0.8181818181818182,85.42857142857143,89.57142857142857,42.75,41.05555555555556
449,7,15,3,16,0.6818181818181818,0.8421052631578947,86.42857142857143,84.53333333333333,57.333333333333336,40.6875
450,7,15,3,15,0.6818181818181818,0.8333333333333334,87.42857142857143,85.53333333333333,58.333333333333336,41.13333333333333
451,7,15,3,15,0.6818181818181818,0.8333333333333334,88.42857142857143,86.53333333333333,59.333333333333336,42.13333333333333
452,7,15,3,15,0.6818181818181818,0.8333333333333334,89.42857142857143,87.53333333333333,60.333333333333336,43.13333333333333
453,7,15,3,15,0.6818181818181818,0.8333333333333334,90.42857142857143,88.53333333333333,61.333333333333336,44.13333333333333
454,7,15,4,14,0.6818181818181818,0.7777777777777778,91.42857142857143,89.53333333333333,46.75,46.92857142857143
455,7,14,5,14,0.6666666666666666,0.7368421052631579,92.42857142857143,94.57142857142857,38.2,47.92857142857143
456,6,14,5,14,0.7,0.7368421052631579,103.33333333333333,95.57142857142857,39.2,48.92857142857143
457,6,14,4,14,0.7,0.7777777777777778,104.33333333333333,96.57142857142857,49.75,49.92857142857143
458,6,14,4,17,0.7,0.8095238095238095,105.33333333333333,97.57142857142857,50.75,41.94117647058823
459,6,15,4,16,0.7142857142857143,0.8,106.33333333333333,92.0,51.75,44.8125
460,6,15,3,16,0.7142857142857143,0.8421052631578947,107.33333333333333,93.0,68.33333333333333,45.8125
461,6,15,3,17,0.7142857142857143,0.85,108.33333333333333,94.0,69.33333333333333,44.05882352941177
462,6,15,3,16,0.7142857142857143,0.8421052631578947,109.33333333333333,95.0,70.33333333333333,45.6875
463,6,15,3,18,0.7142857142857143,0.8571428571428571,110.33333333333333,96.0,71.33333333333333,41.5
464,6,15,3,18,0.7142857142857143,0.8571428571428571,111.33333333333333,97.0,72.33333333333333,37.77777777777778
465,6,15,3,18,0.7142857142857143,0.8571428571428571,112.33333333333333,98.0,73.33333333333333,38.72222222222222
466,6,15,3,18,0.7142857142857143,0.8571428571428571,113.33333333333333,99.0,74.33333333333333,39.27777777777778
467,6,14,3,18,0.7,0.8571428571428571,114.33333333333333,103.0,75.33333333333333,40.27777777777778
468,6,14,4,19,0.7,0.8260869565217391,115.33333333333333,104.0,57.25,39.10526315789474
469,6,14,4,17,0.7,0.8095238095238095,116.33333333333333,105.0,58.25,44.23529411764706
470,6,14,4,16,0.7,0.8,117.33333333333333,106.0,59.25,44.75
471,6,14,4,16,0.7,0.8,118.33333333333333,107.0,60.25,45.75
472,6,14,4,15,0.7,0.7894736842105263,119.33333333333333,108.0,61.25,49.266666666666666
473,6,15,3,15,0.7142857142857143,0.8333333333333334,120.33333333333333,101.73333333333333,65.0,50.266666666666666
474,7,15,4,13,0.6818181818181818,0.7647058823529411,104.0,102.73333333333333,49.5,52.23076923076923
475,7,15,4,13,0.6818181818181818,0.7647058823529411,105.0,103.73333333333333,50.5,53.23076923076923
476,7,15,4,14,0.6818181818181818,0.7777777777777778,106.0,104.73333333333333,51.5,39.92857142857143
477,7,15,3,15,0.6818181818181818,0.8333333333333334,107.0,105.73333333333333,69.0,38.2
478,7,15,3,14,0.6818181818181818,0.8235294117647058,108.0,106.73333333333333,70.0,41.92857142857143
479,7,15,3,14,0.6818181818181818,0.8235294117647058,109.0,107.73333333333333,71.0,42.92857142857143
480,7,15,2,16,0.6818181818181818,0.8888888888888888,110.0,108.73333333333333,73.0,38.4375
481,7,15,2,14,0.6818181818181818,0.875,111.0,105.53333333333333,74.0,42.0
482,7,15,1,13,0.6818181818181818,0.9285714285714286,112.0,106.53333333333333,14.0,45.23076923076923
483,7,15,1,13,0.6818181818181818,0.9285714285714286,73.85714285714286,107.53333333333333,15.0,46.23076923076923
484,7,15,1,13,0.6818181818181818,0.9285714285714286,74.85714285714286,108.53333333333333,16.0,47.23076923076923
485,7,15,1,14,0.6818181818181818,0.9333333333333333,75.85714285714286,109.53333333333333,17.0,44.785714285714285
486,7,15,2,14,0.6818181818181818,0.875,76.85714285714286,110.53333333333333,9.0,45.785714285714285
487,7,15,2,14,0.6818181818181818,0.875,77.85714285714286,111.53333333333333,10.0,46.785714285714285
488,7,15,2,14,0.6818181818181818,0.875,78.85714285714286,102.26666666666667,11.0,47.785714285714285
489,7,15,2,15,0.6818181818181818,0.8823529411764706,79.85714285714286,103.26666666666667,12.0,45.53333333333333
490,7,14,2,15,0.6666666666666666,0.8823529411764706,80.85714285714286,107.92857142857143,13.0,46.53333333333333
491,7,14,2,16,0.6666666666666666,0.8888888888888888,81.85714285714286,108.92857142857143,14.0,44.5625
492,7,14,2,17,0.6666666666666666,0.8947368421052632,82.85714285714286,109.92857142857143,15.0,42.88235294117647
493,7,14,1,18,0.6666666666666666,0.9473684210526315,83.85714285714286,110.92857142857143,25.0,41.44444444444444
494,7,14,1,18,0.6666666666666666,0.9473684210526315,84.85714285714286,111.92857142857143,26.0,42.44444444444444
495,7,15,1,17,0.6818181818181818,0.9444444444444444,85.85714285714286,105.4,27.0,33.470588235294116
496,7,15,1,19,0.6818181818181818,0.95,86.85714285714286,106.4,28.0,30.842105263157894
497,7,14,1,19,0.6666666666666666,0.95,87.85714285714286,90.78571428571429,29.0,31.842105263157894
498,7,13,1,19,0.65,0.95,88.85714285714286,94.76923076923077,30.0,31.894736842105264
499,7,14,1,18,0.6666666666666666,0.9473684210526315,89.85714285714286,88.92857142857143,31.0,28.833333333333332
500,7,14,1,19,0.6666666666666666,0.95,90.85714285714286,89.92857142857143,32.0,28.263157894736842
501,7,14,1,19,0.6666666666666666,0.95,91.85714285714286,90.92857142857143,33.0,29.263157894736842
502,7,14,1,20,0.6666666666666666,0.9523809523809523,92.85714285714286,91.92857142857143,34.0,28.75
503,8,14,1,20,0.6363636363636364,0.9523809523809523,82.125,92.92857142857143,35.0,29.05
504,8,14,1,20,0.6363636363636364,0.9523809523809523,83.125,93.92857142857143,36.0,30.05
505,8,14,1,19,0.6363636363636364,0.95,84.125,94.92857142857143,37.0,30.63157894736842
506,8,15,1,17,0.6521739130434783,0.9444444444444444,85.125,89.53333333333333,38.0,33.23529411764706
507,8,15,1,17,0.6521739130434783,0.9444444444444444,86.125,90.53333333333333,39.0,34.23529411764706
508,8,15,1,18,0.6521739130434783,0.9473684210526315,87.125,91.53333333333333,40.0,33.27777777777778
509,8,15,1,16,0.6521739130434783,0.9411764705882353,88.125,92.53333333333333,41.0,35.0
510,8,15,1,17,0.6521739130434783,0.9444444444444444,89.125,93.53333333333333,42.0,33.88235294117647
511,8,15,1,18,0.6521739130434783,0.9473684210526315,90.125,94.53333333333333,43.0,32.94444444444444
512,8,15,1,17,0.6521739130434783,0.9444444444444444,91.125,95.53333333333333,44.0,33.8235294117647
513,8,15,1,18,0.6521739130434783,0.9473684210526315,92.125,96.53333333333333,45.0,32.888888888888886
514,8,15,2,18,0.6521739130434783,0.9,93.125,97.53333333333333,23.0,33.888888888888886
515,9,15,1,18,0.625,0.9473684210526315,83.66666666666667,98.53333333333333,1.0,34.05555555555556
516,9,15,1,18,0.625,0.9473684210526315,84.66666666666667,99.53333333333333,2.0,35.05555555555556
517,8,15,1,19,0.6521739130434783,0.95,92.125,100.53333333333333,3.0,34.1578947368421
518,8,15,1,20,0.6521739130434783,0.9523809523809523,93.125,101.53333333333333,4.0,33.4
519,7,15,1,19,0.6818181818181818,0.95,95.28571428571429,102.53333333333333,5.0,35.8421052631579
520,7,15,1,21,0.6818181818181818,0.9545454545454546,96.28571428571429,103.53333333333333,6.0,33.333333333333336
521,8,15,1,21,0.6521739130434783,0.9545454545454546,85.125,104.53333333333333,7.0,34.333333333333336
522,8,14,1,21,0.6363636363636364,0.9545454545454546,86.125,110.64285714285714,8.0,35.23809523809524
523,8,14,1,21,0.6363636363636364,0.9545454545454546,87.125,111.64285714285714,9.0,36.23809523809524
524,8,14,1,21,0.6363636363636364,0.9545454545454546,88.125,112.64285714285714,10.0,37.23809523809524
525,8,14,1,21,0.6363636363636364,0.9545454545454546,89.125,113.64285714285714,11.0,38.23809523809524
526,8,14,1,21,0.6363636363636364,0.9545454545454546,90.125,114.64285714285714,12.0,39.23809523809524
527,8,14,1,21,0.6363636363636364,0.9545454545454546,91.125,115.64285714285714,13.0,40.23809523809524
528,8,14,1,21,0.6363636363636364,0.9545454545454546,92.125,116.64285714285714,14.0,41.23809523809524
529,7,13,1,21,0.65,0.9545454545454546,90.71428571428571,124.07692307692308,15.0,40.95238095238095
530,7,13,1,21,0.65,0.9545454545454546,91.71428571428571,125.07692307692308,16.0,37.0
531,7,13,1,21,0.65,0.9545454545454546,92.71428571428571,117.53846153846153,17.0,33.42857142857143
532,7,12,1,21,0.631578947368421,0.9545454545454546,93.71428571428571,121.5,18.0,34.42857142857143
533,7,11,2,21,0.6111111111111112,0.9130434782608695,94.71428571428571,130.54545454545453,9.5,34.38095238095238
534,8,11,2,21,0.5789473684210527,0.9130434782608695,83.75,131.54545454545453,10.5,34.80952380952381
535,8,11,2,20,0.5789473684210527,0.9090909090909091,84.75,132.54545454545453,11.5,36.7
536,7,11,2,21,0.6111111111111112,0.9130434782608695,69.42857142857143,133.54545454545453,12.5,35.904761904761905
537,7,11,2,21,0.6111111111111112,0.9130434782608695,70.42857142857143,134.54545454545453,13.5,36.904761904761905
538,7,12,2,21,0.631578947368421,0.9130434782608695,71.42857142857143,124.25,14.5,36.0
539,7,12,2,21,0.631578947368421,0.9130434782608695,72.42857142857143,125.25,15.5,37.0
540,7,12,1,21,0.631578947368421,0.9545454545454546,73.42857142857143,126.25,26.0,38.0
541,7,12,2,21,0.631578947368421,0.9130434782608695,74.42857142857143,127.25,13.5,35.904761904761905
542,8,12,2,21,0.6,0.9130434782608695,66.0,128.25,14.5,34.523809523809526
543,8,12,2,21,0.6,0.9130434782608695,67.0,129.25,15.5,35.523809523809526
544,8,12,2,21,0.6,0.9130434782608695,68.0,130.25,16.5,36.523809523809526
545,8,12,2,20,0.6,0.9090909090909091,69.0,131.25,17.5,38.4
546,8,12,2,20,0.6,0.9090909090909091,70.0,132.25,18.5,39.4
547,8,12,2,20,0.6,0.9090909090909091,71.0,133.25,19.5,40.4
548,8,12,2,19,0.6,0.9047619047619048,72.0,134.25,20.5,42.8421052631579
549,7,12,2,17,0.631578947368421,0.8947368421052632,78.57142857142857,135.25,21.5,44.76470588235294
550,7,12,2,17,0.631578947368421,0.8947368421052632,79.57142857142857,128.66666666666666,22.5,43.294117647058826
551,7,12,2,18,0.631578947368421,0.9,80.57142857142857,129.66666666666666,23.5,41.833333333333336
552,7,12,2,19,0.631578947368421,0.9047619047619048,81.57142857142857,130.66666666666666,24.5,40.578947368421055
553,7,12,2,18,0.631578947368421,0.9,82.57142857142857,131.66666666666666,25.5,43.44444444444444
554,7,11,2,20,0.6111111111111112,0.9090909090909091,83.57142857142857,138.0909090909091,26.5,40.0
555,7,11,2,19,0.6111111111111112,0.9047619047619048,84.57142857142857,139.0909090909091,27.5,36.31578947368421
556,7,11,2,19,0.6111111111111112,0.9047619047619048,85.57142857142857,140.0909090909091,28.5,37.31578947368421
557,7,11,2,19,0.6111111111111112,0.9047619047619048,86.57142857142857,141.0909090909091,29.5,38.31578947368421
558,8,11,2,18,0.5789473684210527,0.9,76.625,142.0909090909091,30.5,40.388888888888886
559,7,11,2,18,0.6111111111111112,0.9,48.57142857142857,143.0909090909091,31.5,41.388888888888886
560,7,11,2,17,0.6111111111111112,0.8947368421052632,49.57142857142857,144.0909090909091,32.5,44.588235294117645
561,7,11,2,16,0.6111111111111112,0.8888888888888888,50.57142857142857,145.0909090909091,33.5,47.25
562,7,11,2,16,0.6111111111111112,0.8888888888888888,51.57142857142857,146.0909090909091,34.5,48.25
563,7,11,2,16,0.6111111111111112,0.8888888888888888,52.57142857142857,147.0909090909091,35.5,49.25
564,7,11,2,17,0.6111111111111112,0.8947368421052632,53.57142857142857,148.0909090909091,36.5,47.294117647058826
565,8,11,3,17,0.5789473684210527,0.85,47.75,149.0909090909091,25.0,47.64705882352941
566,8,11,3,17,0.5789473684210527,0.85,48.75,150.0909090909091,26.0,48.64705882352941
567,8,11,3,17,0.5789473684210527,0.85,49.75,151.0909090909091,27.0,45.294117647058826
568,8,11,3,17,0.5789473684210527,0.85,50.75,152.0909090909091,28.0,46.294117647058826
569,7,11,3,18,0.6111111111111112,0.8571428571428571,52.285714285714285,153.0909090909091,29.0,44.666666666666664
570,7,11,3,19,0.6111111111111112,0.8636363636363636,53.285714285714285,154.0909090909091,30.0,43.26315789473684
571,7,11,3,19,0.6111111111111112,0.8636363636363636,54.285714285714285,155.0909090909091,31.0,44.26315789473684
572,7,11,3,20,0.6111111111111112,0.8695652173913043,55.285714285714285,156.0909090909091,32.0,43.0
573,7,11,2,21,0.6111111111111112,0.9130434782608695,56.285714285714285,157.0909090909091,20.0,41.904761904761905
574,8,11,3,21,0.5789473684210527,0.875,50.125,158.0909090909091,14.0,41.80952380952381
575,8,11,3,21,0.5789473684210527,0.875,51.125,159.0909090909091,15.0,42.80952380952381
576,8,11,3,21,0.5789473684210527,0.875,52.125,160.0909090909091,16.0,43.80952380952381
577,8,11,3,21,0.5789473684210527,0.875,53.125,161.0909090909091,17.0,44.80952380952381
578,8,11,3,21,0.5789473684210527,0.875,54.125,162.0909090909091,18.0,45.80952380952381
579,8,11,3,21,0.5789473684210527,0.875,55.125,163.0909090909091,19.0,46.80952380952381
580,8,11,4,21,0.5789473684210527,0.84,56.125,164.0909090909091,15.0,47.80952380952381
581,8,11,4,21,0.5789473684210527,0.84,57.125,158.27272727272728,16.0,46.666666666666664
582,8,10,4,21,0.5555555555555556,0.84,58.125,153.3,17.0,46.80952380952381
583,8,11,4,20,0.5789473684210527,0.8333333333333334,59.125,140.27272727272728,18.0,41.5
584,8,10,4,20,0.5555555555555556,0.8333333333333334,60.125,144.3,19.0,42.5
585,8,10,4,21,0.5555555555555556,0.84,61.125,145.3,20.0,41.42857142857143
586,8,10,4,21,0.5555555555555556,0.84,62.125,146.3,21.0,42.23809523809524
587,7,10,4,21,0.5882352941176471,0.84,51.285714285714285,147.3,22.0,43.23809523809524
588,7,10,4,21,0.5882352941176471,0.84,52.285714285714285,148.3,23.0,44.23809523809524
589,7,10,4,21,0.5882352941176471,0.84,53.285714285714285,149.3,24.0,45.23809523809524
590,7,10,4,21,0.5882352941176471,0.84,54.285714285714285,150.3,25.0,46.23809523809524
591,7,10,3,21,0.5882352941176471,0.875,55.285714285714285,151.3,31.0,42.857142857142854
592,6,10,3,21,0.625,0.875,60.0,152.3,32.0,43.857142857142854
593,6,10,3,21,0.625,0.875,61.0,153.3,33.0,43.95238095238095
594,7,10,3,20,0.5882352941176471,0.8695652173913043,53.142857142857146,154.3,34.0,44.8
595,8,10,3,18,0.5555555555555556,0.8571428571428571,47.375,115.6,35.0,43.77777777777778
596,8,10,3,18,0.5555555555555556,0.8571428571428571,48.375,116.6,36.0,44.5
597,8,10,3,19,0.5555555555555556,0.8636363636363636,49.375,117.6,37.0,43.10526315789474
598,8,10,3,19,0.5555555555555556,0.8636363636363636,50.375,118.6,38.0,44.10526315789474
599,8,10,3,18,0.5555555555555556,0.8571428571428571,47.125,119.6,39.0,46.833333333333336
600,8,10,4,17,0.5555555555555556,0.8095238095238095,48.125,120.6,30.0,50.23529411764706
601,8,10,4,17,0.5555555555555556,0.8095238095238095,49.125,121.6,31.0,51.23529411764706
602,8,10,4,18,0.5555555555555556,0.8181818181818182,50.125,122.6,32.0,49.333333333333336
603,8,10,4,20,0.5555555555555556,0.8333333333333334,51.125,123.6,33.0,45.3
604,8,10,3,21,0.5555555555555556,0.875,52.125,124.6,32.333333333333336,44.095238095238095
605,8,10,3,21,0.5555555555555556,0.875,53.125,125.6,33.333333333333336,45.04761904761905
606,8,10,3,21,0.5555555555555556,0.875,54.125,126.6,34.333333333333336,46.04761904761905
607,8,9,3,21,0.5294117647058824,0.875,55.125,117.55555555555556,35.333333333333336,47.04761904761905
608,7,9,3,21,0.5625,0.875,59.285714285714285,118.55555555555556,36.333333333333336,48.04761904761905
609,7,9,4,21,0.5625,0.84,60.285714285714285,119.55555555555556,28.0,44.333333333333336
610,7,9,4,21,0.5625,0.84,61.285714285714285,120.55555555555556,29.0,37.19047619047619
611,7,9,4,21,0.5625,0.84,62.285714285714285,121.55555555555556,30.0,38.19047619047619
612,7,9,4,21,0.5625,0.84,63.285714285714285,122.55555555555556,31.0,39.19047619047619
613,7,9,4,21,0.5625,0.84,64.28571428571429,123.55555555555556,32.0,40.19047619047619
614,7,10,4,20,0.5882352941176471,0.8333333333333334,65.28571428571429,112.1,33.0,40.8
615,7,9,4,21,0.5625,0.84,66.28571428571429,121.88888888888889,34.0,39.80952380952381
616,7,9,4,19,0.5625,0.8260869565217391,67.28571428571429,122.88888888888889,33.25,41.73684210526316
617,8,9,4,18,0.5294117647058824,0.8181818181818182,59.75,123.88888888888889,34.25,42.333333333333336
618,8,9,4,18,0.5294117647058824,0.8181818181818182,60.75,124.88888888888889,35.25,42.833333333333336
619,8,9,4,18,0.5294117647058824,0.8181818181818182,61.75,125.88888888888889,36.25,43.833333333333336
620,8,9,4,19,0.5294117647058824,0.8260869565217391,62.75,126.88888888888889,37.25,41.578947368421055
621,8,9,4,19,0.5294117647058824,0.8260869565217391,63.75,127.88888888888889,38.25,42.578947368421055
622,8,9,4,19,0.5294117647058824,0.8260869565217391,64.75,128.88888888888889,39.25,43.578947368421055
623,8,9,4,18,0.5294117647058824,0.8181818181818182,65.75,129.88888888888889,40.25,44.111111111111114
624,8,9,4,18,0.5294117647058824,0.8181818181818182,66.75,130.88888888888889,41.25,45.111111111111114
625,8,9,4,21,0.5294117647058824,0.84,67.75,131.88888888888889,42.25,39.523809523809526
626,8,9,4,21,0.5294117647058824,0.84,68.75,132.88888888888889,43.25,40.523809523809526
627,8,9,4,21,0.5294117647058824,0.84,69.75,133.88888888888889,44.25,41.523809523809526
628,8,9,4,21,0.5294117647058824,0.84,70.75,134.88888888888889,45.25,42.523809523809526
629,8,9,4,21,0.5294117647058824,0.84,71.75,135.88888888888889,46.25,41.23809523809524
630,8,10,6,21,0.5555555555555556,0.7777777777777778,72.75,123.2,31.5,42.0
631,8,10,5,21,0.5555555555555556,0.8076923076923077,73.75,124.2,38.8,43.0
632,8,10,5,21,0.5555555555555556,0.8076923076923077,74.75,125.2,39.8,43.42857142857143
633,8,10,6,20,0.5555555555555556,0.7692307692307693,71.5,126.2,34.0,39.6
634,8,10,6,20,0.5555555555555556,0.7692307692307693,72.5,127.2,35.0,40.6
635,8,10,6,20,0.5555555555555556,0.7692307692307693,73.5,128.2,36.0,41.6
636,8,10,6,19,0.5555555555555556,0.76,74.5,129.2,37.0,43.473684210526315
637,8,9,6,19,0.5294117647058824,0.76,75.5,133.66666666666666,38.0,44.473684210526315
638,8,9,6,19,0.5294117647058824,0.76,76.5,134.66666666666666,39.0,45.473684210526315
639,8,9,6,19,0.5294117647058824,0.76,77.5,135.66666666666666,40.0,45.36842105263158
640,8,9,7,19,0.5294117647058824,0.7307692307692307,78.5,136.66666666666666,35.142857142857146,45.578947368421055
641,8,9,8,19,0.5294117647058824,0.7037037037037037,79.5,137.66666666666666,31.625,46.578947368421055
642,8,8,9,21,0.5,0.7,80.5,144.5,29.0,43.04761904761905
643,8,8,9,21,0.5,0.7,81.5,145.5,30.0,40.523809523809526
644,8,8,9,21,0.5,0.7,82.5,146.5,31.0,41.523809523809526
645,8,8,9,21,0.5,0.7,83.5,147.5,32.0,33.095238095238095
646,8,8,9,21,0.5,0.7,84.5,148.5,33.0,34.095238095238095
647,8,8,9,21,0.5,0.7,85.5,149.5,34.0,35.0
648,8,7,9,21,0.4666666666666667,0.7,86.5,167.14285714285714,35.0,35.142857142857146
649,8,7,9,21,0.4666666666666667,0.7,87.5,168.14285714285714,36.0,36.142857142857146
650,8,7,9,21,0.4666666666666667,0.7,88.5,169.14285714285714,37.0,37.142857142857146
651,8,7,9,21,0.4666666666666667,0.7,89.5,170.14285714285714,38.0,37.61904761904762
652,8,7,9,21,0.4666666666666667,0.7,90.5,171.14285714285714,39.0,38.61904761904762
653,8,7,9,21,0.4666666666666667,0.7,91.5,172.14285714285714,40.0,39.61904761904762
654,8,7,8,20,0.4666666666666667,0.7142857142857143,92.5,173.14285714285714,44.5,40.1
655,8,7,9,20,0.4666666666666667,0.6896551724137931,93.5,174.14285714285714,40.44444444444444,38.05
656,8,7,9,20,0.4666666666666667,0.6896551724137931,94.5,175.14285714285714,41.44444444444444,39.05
657,7,7,9,20,0.5,0.6896551724137931,83.0,176.14285714285714,42.44444444444444,40.05
658,7,7,9,20,0.5,0.6896551724137931,84.0,177.14285714285714,43.44444444444444,41.05
659,7,7,9,19,0.5,0.6785714285714286,85.0,178.14285714285714,44.44444444444444,43.21052631578947
660,8,7,9,18,0.4666666666666667,0.6666666666666666,75.25,179.14285714285714,45.44444444444444,44.44444444444444
661,8,7,9,20,0.4666666666666667,0.6896551724137931,76.25,180.14285714285714,46.44444444444444,40.9
662,8,7,10,19,0.4666666666666667,0.6551724137931034,77.25,181.14285714285714,42.7,43.526315789473685
663,8,7,10,19,0.4666666666666667,0.6551724137931034,78.25,182.14285714285714,43.7,44.526315789473685
664,8,7,10,19,0.4666666666666667,0.6551724137931034,79.25,183.14285714285714,44.7,45.526315789473685
665,8,7,10,19,0.4666666666666667,0.6551724137931034,80.25,184.14285714285714,45.7,46.526315789473685
666,8,7,10,19,0.4666666666666667,0.6551724137931034,81.25,185.14285714285714,46.7,47.526315789473685
667,8,6,10,21,0.42857142857142855,0.6774193548387096,82.25,203.16666666666666,47.7,43.904761904761905
668,8,6,11,21,0.42857142857142855,0.65625,83.25,204.16666666666666,44.27272727272727,44.904761904761905
669,8,6,11,21,0.42857142857142855,0.65625,84.25,205.16666666666666,45.27272727272727,45.904761904761905
670,8,6,10,21,0.42857142857142855,0.6774193548387096,85.25,206.16666666666666,50.1,46.904761904761905
671,8,6,10,21,0.42857142857142855,0.6774193548387096,86.25,207.16666666666666,51.1,47.904761904761905
672,8,6,10,21,0.42857142857142855,0.6774193548387096,87.25,208.16666666666666,52.1,45.333333333333336
673,8,6,10,21,0.42857142857142855,0.6774193548387096,88.25,209.16666666666666,53.1,46.04761904761905
674,8,6,10,21,0.42857142857142855,0.6774193548387096,89.25,210.16666666666666,54.1,47.04761904761905
675,8,6,10,21,0.42857142857142855,0.6774193548387096,90.25,211.16666666666666,55.1,48.04761904761905
676,8,6,11,21,0.42857142857142855,0.65625,91.25,212.16666666666666,51.0,49.04761904761905
677,8,6,10,20,0.42857142857142855,0.6666666666666666,92.25,213.16666666666666,52.8,50.35
678,8,6,10,21,0.42857142857142855,0.6774193548387096,93.25,214.16666666666666,53.8,48.904761904761905
679,8,6,10,21,0.42857142857142855,0.6774193548387096,94.25,215.16666666666666,54.8,48.38095238095238
680,8,6,11,21,0.42857142857142855,0.65625,95.25,216.16666666666666,50.72727272727273,49.38095238095238
681,8,6,11,21,0.42857142857142855,0.65625,96.25,217.16666666666666,51.72727272727273,50.38095238095238
682,8,7,11,18,0.4666666666666667,0.6206896551724138,97.25,187.0,52.72727272727273,55.5
683,8,7,11,19,0.4666666666666667,0.6333333333333333,98.25,188.0,53.72727272727273,53.526315789473685
684,8,7,11,19,0.4666666666666667,0.6333333333333333,99.25,189.0,54.72727272727273,54.526315789473685
685,8,7,11,17,0.4666666666666667,0.6071428571428571,100.25,190.0,55.72727272727273,58.11764705882353
686,8,7,11,18,0.4666666666666667,0.6206896551724138,101.25,191.0,56.72727272727273,55.833333333333336
687,8,7,11,16,0.4666666666666667,0.5925925925925926,102.25,192.0,57.72727272727273,57.1875
688,8,7,11,16,0.4666666666666667,0.5925925925925926,103.25,193.0,58.72727272727273,55.3125
689,8,7,11,16,0.4666666666666667,0.5925925925925926,104.25,194.0,59.72727272727273,54.9375
690,7,7,11,16,0.5,0.5925925925925926,93.57142857142857,195.0,60.72727272727273,55.9375
691,8,7,11,16,0.4666666666666667,0.5925925925925926,82.75,196.0,61.72727272727273,56.8125
692,8,7,11,16,0.4666666666666667,0.5925925925925926,83.75,197.0,62.72727272727273,57.8125
693,8,7,11,17,0.4666666666666667,0.6071428571428571,84.75,198.0,63.72727272727273,55.35294117647059
694,7,7,11,18,0.5,0.6206896551724138,93.14285714285714,199.0,64.72727272727273,53.22222222222222
695,7,7,12,18,0.5,0.6,94.14285714285714,200.0,60.25,54.22222222222222
696,7,8,11,18,0.5333333333333333,0.6206896551724138,95.14285714285714,175.875,61.90909090909091,55.22222222222222
697,7,8,12,17,0.5333333333333333,0.5862068965517241,96.14285714285714,176.875,57.666666666666664,55.705882352941174
698,7,8,12,17,0.5333333333333333,0.5862068965517241,97.14285714285714,177.875,58.666666666666664,56.705882352941174
699,7,9,12,17,0.5625,0.5862068965517241,98.14285714285714,159.0,59.666666666666664,56.1764705882353
700,7,10,11,17,0.5882352941176471,0.6071428571428571,99.14285714285714,144.0,57.09090909090909,53.8235294117647
701,7,10,11,18,0.5882352941176471,0.6206896551724138,100.14285714285714,145.0,58.09090909090909,51.77777777777778
702,7,10,11,18,0.5882352941176471,0.6206896551724138,101.14285714285714,146.0,59.09090909090909,52.77777777777778
703,8,10,11,17,0.5555555555555556,0.6071428571428571,89.375,147.0,60.09090909090909,52.588235294117645
704,8,10,11,17,0.5555555555555556,0.6071428571428571,90.375,148.0,61.09090909090909,53.588235294117645
705,8,10,11,17,0.5555555555555556,0.6071428571428571,91.375,149.0,62.09090909090909,54.588235294117645
706,9,10,11,16,0.5263157894736842,0.5925925925925926,82.11111111111111,150.0,63.09090909090909,48.25
707,9,10,11,15,0.5263157894736842,0.5769230769230769,83.11111111111111,151.0,64.0909090909091,48.6
708,9,10,11,15,0.5263157894736842,0.5769230769230769,84.11111111111111,152.0,65.0909090909091,49.6
709,8,10,11,14,0.5555555555555556,0.56,84.25,153.0,66.0909090909091,52.357142857142854
710,8,10,11,14,0.5555555555555556,0.56,85.25,154.0,67.0909090909091,53.357142857142854
711,8,10,11,15,0.5555555555555556,0.5769230769230769,86.25,155.0,68.0909090909091,50.733333333333334
712,8,10,10,15,0.5555555555555556,0.6,87.25,156.0,74.3,51.733333333333334
713,8,10,10,14,0.5555555555555556,0.5833333333333334,88.25,157.0,75.3,55.07142857142857
714,8,11,10,15,0.5789473684210527,0.6,89.25,143.63636363636363,76.3,44.86666666666667
715,8,13,9,15,0.6190476190476191,0.625,90.25,122.38461538461539,66.55555555555556,45.8
716,8,13,9,16,0.6190476190476191,0.64,91.25,123.38461538461539,67.55555555555556,43.875
717,8,14,9,16,0.6363636363636364,0.64,92.25,115.5,68.55555555555556,42.9375
718,8,14,9,16,0.6363636363636364,0.64,93.25,116.5,69.55555555555556,43.9375
719,8,14,10,16,0.6363636363636364,0.6153846153846154,94.25,117.5,63.5,44.9375
720,8,14,10,16,0.6363636363636364,0.6153846153846154,95.25,118.5,64.5,45.9375
721,8,14,10,15,0.6363636363636364,0.6,96.25,110.5,65.5,49.733333333333334
722,8,14,11,15,0.6363636363636364,0.5769230769230769,97.25,111.5,60.45454545454545,50.733333333333334
723,8,14,11,16,0.6363636363636364,0.5925925925925926,98.25,112.5,61.45454545454545,48.5
724,8,14,11,15,0.6363636363636364,0.5769230769230769,99.25,113.5,62.45454545454545,50.0
725,8,14,11,15,0.6363636363636364,0.5769230769230769,100.25,114.5,63.45454545454545,51.0
726,8,14,11,15,0.6363636363636364,0.5769230769230769,101.25,115.5,64.45454545454545,52.0
727,8,14,10,14,0.6363636363636364,0.5833333333333334,102.25,116.5,69.0,44.142857142857146
728,8,14,11,12,0.6363636363636364,0.5217391304347826,103.25,117.5,63.63636363636363,46.916666666666664
729,8,14,13,13,0.6363636363636364,0.5,104.25,118.5,54.69230769230769,44.23076923076923
730,8,14,12,13,0.6363636363636364,0.52,105.25,117.07142857142857,55.833333333333336,45.23076923076923
731,8,14,12,12,0.6363636363636364,0.5,106.25,118.07142857142857,56.833333333333336,47.0
732,8,14,12,12,0.6363636363636364,0.5,107.25,119.07142857142857,57.833333333333336,48.0
733,8,14,11,12,0.6363636363636364,0.5217391304347826,108.25,120.07142857142857,63.81818181818182,49.0
734,9,13,10,12,0.5909090909090909,0.5454545454545454,97.11111111111111,127.76923076923077,59.5,50.0
735,9,13,9,13,0.5909090909090909,0.5909090909090909,98.11111111111111,128.76923076923077,49.333333333333336,47.07692307692308
736,9,13,9,13,0.5909090909090909,0.5909090909090909,99.11111111111111,129.76923076923077,50.333333333333336,48.0
737,8,14,9,12,0.6363636363636364,0.5714285714285714,108.375,121.42857142857143,51.333333333333336,35.916666666666664
738,8,14,9,12,0.6363636363636364,0.5714285714285714,109.375,122.42857142857143,52.333333333333336,36.916666666666664
739,8,14,9,12,0.6363636363636364,0.5714285714285714,110.375,123.42857142857143,53.333333333333336,37.916666666666664
740,9,14,9,11,0.6086956521739131,0.55,99.0,124.42857142857143,54.333333333333336,38.90909090909091
741,10,14,8,11,0.5833333333333334,0.5789473684210527,90.0,125.42857142857143,53.125,39.90909090909091
742,10,14,8,11,0.5833333333333334,0.5789473684210527,91.0,126.42857142857143,54.125,40.90909090909091
743,10,15,8,11,0.6,0.5789473684210527,92.0,118.93333333333334,55.125,39.0
744,10,15,8,11,0.6,0.5789473684210527,93.0,119.93333333333334,56.125,40.0
745,10,15,8,11,0.6,0.5789473684210527,94.0,120.93333333333334,57.125,39.54545454545455
746,10,15,7,12,0.6,0.631578947368421,95.0,121.93333333333334,62.57142857142857,37.166666666666664
747,10,15,6,12,0.6,0.6666666666666666,96.0,122.93333333333334,58.833333333333336,38.166666666666664
748,10,15,6,13,0.6,0.6842105263157895,97.0,123.93333333333334,59.833333333333336,36.15384615384615
749,10,14,7,14,0.5833333333333334,0.6666666666666666,98.0,131.42857142857142,52.142857142857146,34.5
750,10,14,8,14,0.5833333333333334,0.6363636363636364,99.0,132.42857142857142,46.5,35.5
751,11,13,7,15,0.5416666666666666,0.6818181818181818,90.9090909090909,141.07692307692307,44.142857142857146,33.86666666666667
752,11,13,7,15,0.5416666666666666,0.6818181818181818,91.9090909090909,142.07692307692307,45.142857142857146,34.86666666666667
753,11,13,8,16,0.5416666666666666,0.6666666666666666,92.9090909090909,143.07692307692307,40.375,33.625
754,11,13,8,17,0.5416666666666666,0.68,93.9090909090909,144.07692307692307,41.375,32.588235294117645
755,11,13,8,16,0.5416666666666666,0.6666666666666666,94.9090909090909,145.07692307692307,42.375,33.75
756,11,13,7,16,0.5416666666666666,0.6956521739130435,95.9090909090909,146.07692307692307,45.57142857142857,34.75
757,10,13,7,16,0.5652173913043478,0.6956521739130435,90.3,147.07692307692307,46.57142857142857,35.75
758,10,13,6,16,0.5652173913043478,0.7272727272727273,84.6,148.07692307692307,49.5,36.75
759,10,13,6,16,0.5652173913043478,0.7272727272727273,85.6,149.07692307692307,50.5,37.75
760,10,14,6,17,0.5833333333333334,0.7391304347826086,86.6,139.35714285714286,51.5,30.294117647058822
761,10,14,6,17,0.5833333333333334,0.7391304347826086,87.6,140.35714285714286,52.5,31.294117647058822
762,10,14,6,18,0.5833333333333334,0.75,88.6,141.35714285714286,53.5,30.5
763,10,14,6,17,0.5833333333333334,0.7391304347826086,89.6,142.35714285714286,54.5,33.1764705882353
764,10,13,5,16,0.5652173913043478,0.7619047619047619,90.6,103.61538461538461,39.8,35.0
765,10,13,5,16,0.5652173913043478,0.7619047619047619,91.6,104.61538461538461,40.8,36.0
766,10,13,5,16,0.5652173913043478,0.7619047619047619,92.6,105.61538461538461,41.8,37.0
767,10,14,4,15,0.5833333333333334,0.7894736842105263,93.6,99.0,49.25,37.2
768,10,14,4,15,0.5833333333333334,0.7894736842105263,94.6,100.0,50.25,38.2
769,10,14,4,15,0.5833333333333334,0.7894736842105263,95.6,101.0,51.25,39.2
770,10,14,3,15,0.5833333333333334,0.8333333333333334,96.6,102.0,64.0,38.4
771,10,14,3,16,0.5833333333333334,0.8421052631578947,97.6,103.0,65.0,36.9375
772,10,14,3,16,0.5833333333333334,0.8421052631578947,98.6,104.0,66.0,37.9375
773,10,14,3,16,0.5833333333333334,0.8421052631578947,99.6,105.0,67.0,38.9375
774,9,13,3,19,0.5909090909090909,0.8636363636363636,108.0,89.07692307692308,68.0,33.63157894736842
775,9,13,3,18,0.5909090909090909,0.8571428571428571,109.0,90.07692307692308,69.0,36.5
776,9,13,3,18,0.5909090909090909,0.8571428571428571,110.0,91.07692307692308,70.0,37.5
777,9,12,3,19,0.5714285714285714,0.8636363636363636,111.0,93.25,71.0,36.473684210526315
778,9,12,3,20,0.5714285714285714,0.8695652173913043,112.0,94.25,72.0,33.5
779,9,12,3,20,0.5714285714285714,0.8695652173913043,113.0,95.25,73.0,34.1
780,8,12,5,20,0.6,0.8,97.5,96.25,44.4,33.35
781,8,12,5,20,0.6,0.8,98.5,97.25,45.4,34.35
782,8,12,5,19,0.6,0.7916666666666666,99.5,98.25,46.4,37.0
783,8,12,4,20,0.6,0.8333333333333334,100.5,99.25,58.5,36.1
784,8,12,4,20,0.6,0.8333333333333334,101.5,100.25,59.5,37.1
785,8,12,4,18,0.6,0.8181818181818182,102.5,101.25,60.5,37.111111111111114
786,8,11,4,18,0.5789473684210527,0.8181818181818182,103.5,88.36363636363636,61.5,38.111111111111114
787,8,11,4,18,0.5789473684210527,0.8181818181818182,104.5,89.36363636363636,62.5,39.111111111111114
788,8,11,3,18,0.5789473684210527,0.8571428571428571,105.5,90.36363636363636,65.0,40.111111111111114
789,8,11,3,19,0.5789473684210527,0.8636363636363636,106.5,91.36363636363636,66.0,38.94736842105263
790,8,11,3,20,0.5789473684210527,0.8695652173913043,107.5,92.36363636363636,67.0,37.95
791,8,11,3,20,0.5789473684210527,0.8695652173913043,108.5,93.36363636363636,68.0,38.95
792,7,11,3,20,0.6111111111111112,0.8695652173913043,120.28571428571429,94.36363636363636,69.0,39.95
793,7,12,3,20,0.631578947368421,0.8695652173913043,121.28571428571429,87.41666666666667,70.0,39.3
794,7,11,3,21,0.6111111111111112,0.875,122.28571428571429,93.36363636363636,71.0,38.38095238095238
795,7,11,3,21,0.6111111111111112,0.875,123.28571428571429,94.36363636363636,72.0,39.38095238095238
796,7,11,3,21,0.6111111111111112,0.875,124.28571428571429,95.36363636363636,73.0,40.38095238095238
797,7,11,3,21,0.6111111111111112,0.875,125.28571428571429,96.36363636363636,74.0,40.285714285714285
798,7,11,3,21,0.6111111111111112,0.875,126.28571428571429,97.36363636363636,75.0,41.285714285714285
799,7,11,4,21,0.6111111111111112,0.84,127.28571428571429,98.36363636363636,57.0,42.285714285714285
800,6,11,4,21,0.6470588235294118,0.84,138.66666666666666,99.36363636363636,58.0,43.285714285714285
801,6,10,4,21,0.625,0.84,139.66666666666666,107.0,59.0,44.285714285714285
802,6,10,5,21,0.625,0.8076923076923077,140.66666666666666,108.0,48.0,45.285714285714285
803,6,10,6,21,0.625,0.7777777777777778,141.66666666666666,109.0,40.833333333333336,46.285714285714285
804,6,10,6,21,0.625,0.7777777777777778,142.66666666666666,110.0,41.833333333333336,46.95238095238095
805,6,10,6,21,0.625,0.7777777777777778,143.66666666666666,111.0,42.833333333333336,46.714285714285715
806,7,10,6,21,0.5882352941176471,0.7777777777777778,124.0,112.0,43.833333333333336,41.61904761904762
807,7,10,6,21,0.5882352941176471,0.7777777777777778,125.0,113.0,44.833333333333336,42.61904761904762
808,7,10,7,21,0.5882352941176471,0.75,126.0,114.0,39.285714285714285,43.61904761904762
809,7,10,7,21,0.5882352941176471,0.75,127.0,115.0,40.285714285714285,44.61904761904762
810,7,10,7,21,0.5882352941176471,0.75,128.0,116.0,41.285714285714285,42.714285714285715
811,7,10,7,21,0.5882352941176471,0.75,129.0,117.0,42.285714285714285,43.714285714285715
812,7,10,7,21,0.5882352941176471,0.75,130.0,118.0,43.285714285714285,44.714285714285715
813,7,10,7,21,0.5882352941176471,0.75,131.0,119.0,44.285714285714285,45.714285714285715
814,7,10,7,21,0.5882352941176471,0.75,132.0,120.0,45.285714285714285,46.714285714285715
815,6,10,7,21,0.625,0.75,118.5,121.0,46.285714285714285,47.714285714285715
816,6,10,7,21,0.625,0.75,119.5,122.0,47.285714285714285,48.714285714285715
817,6,10,7,21,0.625,0.75,120.5,123.0,48.285714285714285,49.714285714285715
818,5,10,7,21,0.6666666666666666,0.75,123.4,124.0,49.285714285714285,50.714285714285715
819,5,10,7,21,0.6666666666666666,0.75,124.4,125.0,50.285714285714285,51.714285714285715
820,5,10,7,21,0.6666666666666666,0.75,125.4,126.0,51.285714285714285,52.714285714285715
821,4,10,7,21,0.7142857142857143,0.75,138.0,127.0,52.285714285714285,52.19047619047619
822,4,9,7,21,0.6923076923076923,0.75,139.0,130.22222222222223,53.285714285714285,53.19047619047619
823,4,9,7,21,0.6923076923076923,0.75,140.0,131.22222222222223,54.285714285714285,54.19047619047619
824,4,9,7,21,0.6923076923076923,0.75,141.0,132.22222222222223,55.285714285714285,55.19047619047619
825,4,9,7,21,0.6923076923076923,0.75,142.0,133.22222222222223,52.57142857142857,56.19047619047619
826,4,9,7,21,0.6923076923076923,0.75,143.0,134.22222222222223,53.57142857142857,57.19047619047619
827,4,7,7,21,0.6363636363636364,0.75,144.0,155.14285714285714,54.57142857142857,58.19047619047619
828,4,7,8,21,0.6363636363636364,0.7241379310344828,145.0,156.14285714285714,48.625,59.19047619047619
829,4,7,8,21,0.6363636363636364,0.7241379310344828,146.0,157.14285714285714,49.625,60.19047619047619
830,4,7,9,21,0.6363636363636364,0.7,147.0,158.14285714285714,45.0,61.19047619047619
831,4,7,10,21,0.6363636363636364,0.6774193548387096,148.0,159.14285714285714,41.4,61.0
832,3,5,10,21,0.625,0.6774193548387096,132.33333333333334,183.0,42.4,59.04761904761905
833,3,5,10,21,0.625,0.6774193548387096,133.33333333333334,184.0,43.4,60.04761904761905
834,3,5,11,21,0.625,0.65625,134.33333333333334,185.0,40.36363636363637,61.04761904761905
835,3,5,11,21,0.625,0.65625,135.33333333333334,186.0,41.36363636363637,62.04761904761905
836,3,6,12,21,0.6666666666666666,0.6363636363636364,136.33333333333334,155.83333333333334,38.833333333333336,57.666666666666664
837,3,6,14,21,0.6666666666666666,0.6,137.33333333333334,156.83333333333334,34.142857142857146,58.42857142857143
838,3,7,14,21,0.7,0.6,138.33333333333334,135.28571428571428,35.142857142857146,57.142857142857146
839,3,7,15,21,0.7,0.5833333333333334,139.33333333333334,136.28571428571428,33.733333333333334,58.142857142857146
840,3,7,15,21,0.7,0.5833333333333334,140.33333333333334,137.28571428571428,34.733333333333334,59.142857142857146
841,3,7,16,21,0.7,0.5675675675675675,141.33333333333334,138.28571428571428,33.5,60.142857142857146
842,3,7,16,21,0.7,0.5675675675675675,142.33333333333334,139.28571428571428,34.5,61.142857142857146
843,3,7,16,21,0.7,0.5675675675675675,143.33333333333334,140.28571428571428,35.5,62.142857142857146
844,3,7,16,21,0.7,0.5675675675675675,144.33333333333334,141.28571428571428,36.5,63.142857142857146
845,3,7,18,21,0.7,0.5384615384615384,145.33333333333334,142.28571428571428,33.333333333333336,63.80952380952381
846,3,7,18,21,0.7,0.5384615384615384,146.33333333333334,143.28571428571428,34.333333333333336,64.80952380952381
847,3,7,18,21,0.7,0.5384615384615384,147.33333333333334,144.28571428571428,35.333333333333336,65.80952380952381
848,3,6,18,21,0.6666666666666666,0.5384615384615384,148.33333333333334,147.33333333333334,36.333333333333336,66.80952380952381
849,3,6,18,21,0.6666666666666666,0.5384615384615384,149.33333333333334,148.33333333333334,37.333333333333336,67.80952380952381
850,3,6,18,21,0.6666666666666666,0.5384615384615384,150.33333333333334,149.33333333333334,38.333333333333336,68.80952380952381
851,3,6,16,21,0.6666666666666666,0.5675675675675675,151.33333333333334,150.33333333333334,43.125,69.80952380952381
852,3,6,17,21,0.6666666666666666,0.5526315789473685,152.33333333333334,151.33333333333334,41.529411764705884,70.80952380952381
853,3,6,17,21,0.6666666666666666,0.5526315789473685,153.33333333333334,152.33333333333334,42.529411764705884,71.80952380952381
854,3,7,16,21,0.7,0.5675675675675675,154.33333333333334,131.42857142857142,39.6875,72.80952380952381
855,3,7,16,21,0.7,0.5675675675675675,155.33333333333334,132.42857142857142,40.6875,72.66666666666667
856,2,7,17,21,0.7777777777777778,0.5526315789473685,77.5,133.42857142857142,39.23529411764706,73.66666666666667
857,2,7,17,21,0.7777777777777778,0.5526315789473685,78.5,134.42857142857142,40.23529411764706,74.66666666666667
858,3,7,17,21,0.7,0.5526315789473685,53.0,135.42857142857142,38.294117647058826,73.14285714285714
859,3,7,17,21,0.7,0.5526315789473685,54.0,136.42857142857142,39.294117647058826,73.47619047619048
860,3,7,17,21,0.7,0.5526315789473685,55.0,137.42857142857142,40.294117647058826,74.47619047619048
861,3,7,17,21,0.7,0.5526315789473685,56.0,138.42857142857142,41.294117647058826,75.47619047619048
862,3,8,17,20,0.7272727272727273,0.5405405405405406,57.0,122.0,42.294117647058826,76.1
863,3,9,17,20,0.75,0.5405405405405406,58.0,109.33333333333333,43.294117647058826,77.1
864,3,9,18,20,0.75,0.5263157894736842,59.0,110.33333333333333,41.833333333333336,78.1
865,3,9,18,21,0.75,0.5384615384615384,60.0,111.33333333333333,41.22222222222222,75.33333333333333
866,3,9,18,20,0.75,0.5263157894736842,61.0,112.33333333333333,42.22222222222222,79.6
867,3,9,18,20,0.75,0.5263157894736842,62.0,113.33333333333333,43.22222222222222,80.6
868,3,9,18,21,0.75,0.5384615384615384,63.0,114.33333333333333,44.22222222222222,77.71428571428571
869,3,9,18,21,0.75,0.5384615384615384,64.0,115.33333333333333,45.22222222222222,78.71428571428571
870,3,8,18,21,0.7272727272727273,0.5384615384615384,65.0,126.625,46.22222222222222,79.71428571428571
871,5,8,16,21,0.6153846153846154,0.5675675675675675,39.6,127.625,46.125,80.71428571428571
872,6,7,16,20,0.5384615384615384,0.5555555555555556,33.833333333333336,115.0,47.125,79.75
873,6,7,16,20,0.5384615384615384,0.5555555555555556,34.833333333333336,116.0,48.125,80.75
874,6,7,16,20,0.5384615384615384,0.5555555555555556,35.833333333333336,117.0,49.125,81.75
875,6,7,15,19,0.5384615384615384,0.5588235294117647,36.833333333333336,118.0,51.2,85.10526315789474
876,6,7,15,19,0.5384615384615384,0.5588235294117647,37.833333333333336,119.0,52.2,86.10526315789474
877,6,8,14,19,0.5714285714285714,0.5757575757575758,38.833333333333336,105.0,51.5,87.10526315789474
878,6,8,14,18,0.5714285714285714,0.5625,39.833333333333336,106.0,52.5,87.22222222222223
879,6,8,14,18,0.5714285714285714,0.5625,40.833333333333336,107.0,53.5,88.22222222222223
880,6,8,14,19,0.5714285714285714,0.5757575757575758,41.833333333333336,108.0,54.5,84.52631578947368
881,6,8,14,19,0.5714285714285714,0.5757575757575758,42.833333333333336,109.0,55.5,85.52631578947368
882,6,8,13,19,0.5714285714285714,0.59375,43.833333333333336,110.0,58.84615384615385,86.52631578947368
883,6,8,13,20,0.5714285714285714,0.6060606060606061,44.833333333333336,111.0,59.84615384615385,83.15
884,6,8,13,21,0.5714285714285714,0.6176470588235294,45.833333333333336,112.0,60.84615384615385,80.14285714285714
885,6,8,14,21,0.5714285714285714,0.6,46.833333333333336,113.0,57.42857142857143,81.14285714285714
886,6,8,14,21,0.5714285714285714,0.6,47.833333333333336,114.0,58.42857142857143,82.14285714285714
887,7,8,13,21,0.5333333333333333,0.6176470588235294,41.857142857142854,115.0,45.0,83.14285714285714
888,7,8,13,21,0.5333333333333333,0.6176470588235294,42.857142857142854,116.0,46.0,84.14285714285714
889,7,9,14,21,0.5625,0.6,43.857142857142854,104.0,43.642857142857146,80.0952380952381
890,7,10,14,21,0.5882352941176471,0.6,44.857142857142854,94.5,44.642857142857146,81.0952380952381
891,7,10,14,21,0.5882352941176471,0.6,45.857142857142854,95.5,45.642857142857146,82.0952380952381
892,7,10,14,21,0.5882352941176471,0.6,46.857142857142854,96.5,46.642857142857146,83.0952380952381
893,7,10,14,21,0.5882352941176471,0.6,47.857142857142854,97.5,47.642857142857146,84.0952380952381
894,7,10,15,21,0.5882352941176471,0.5833333333333334,48.857142857142854,98.5,45.4,85.0952380952381
895,7,10,15,21,0.5882352941176471,0.5833333333333334,49.857142857142854,99.5,46.4,86.0952380952381
896,7,9,15,21,0.5625,0.5833333333333334,50.857142857142854,107.88888888888889,47.4,87.0952380952381
897,8,9,15,21,0.5294117647058824,0.5833333333333334,45.375,108.88888888888889,48.4,82.38095238095238
898,9,9,15,21,0.5,0.5833333333333334,41.22222222222222,109.88888888888889,49.4,83.38095238095238
899,10,9,15,19,0.47368421052631576,0.5588235294117647,38.0,110.88888888888889,50.4,86.05263157894737
900,10,9,15,19,0.47368421052631576,0.5588235294117647,39.0,111.88888888888889,51.4,87.05263157894737
901,10,9,14,19,0.47368421052631576,0.5757575757575758,40.0,112.88888888888889,55.285714285714285,88.05263157894737
902,10,9,15,19,0.47368421052631576,0.5588235294117647,41.0,113.88888888888889,52.53333333333333,89.05263157894737
903,10,9,15,19,0.47368421052631576,0.5588235294117647,42.0,114.88888888888889,53.53333333333333,90.05263157894737
904,10,9,15,19,0.47368421052631576,0.5588235294117647,43.0,115.88888888888889,54.53333333333333,91.05263157894737
905,9,9,15,19,0.5,0.5588235294117647,45.111111111111114,116.88888888888889,55.53333333333333,87.05263157894737
906,8,9,15,18,0.5294117647058824,0.5454545454545454,47.625,117.88888888888889,56.53333333333333,91.5
907,8,9,16,18,0.5294117647058824,0.5294117647058824,48.625,118.88888888888889,53.9375,92.5
908,8,9,16,18,0.5294117647058824,0.5294117647058824,49.625,119.88888888888889,54.9375,93.5
909,8,9,15,17,0.5294117647058824,0.53125,50.625,120.88888888888889,58.666666666666664,93.88235294117646
910,8,9,15,17,0.5294117647058824,0.53125,51.625,121.88888888888889,59.666666666666664,94.88235294117646
911,8,8,15,17,0.5,0.53125,52.625,134.0,60.666666666666664,95.88235294117646
912,8,9,14,18,0.5294117647058824,0.5625,53.625,120.0,60.214285714285715,91.5
913,8,9,15,18,0.5294117647058824,0.5454545454545454,54.625,121.0,57.13333333333333,92.5
914,8,9,14,18,0.5294117647058824,0.5625,55.625,122.0,60.214285714285715,93.5
915,8,9,13,17,0.5294117647058824,0.5666666666666667,56.625,123.0,64.92307692307692,98.52941176470588
916,8,9,13,18,0.5294117647058824,0.5806451612903226,57.625,124.0,65.92307692307692,94.0
917,8,9,13,18,0.5294117647058824,0.5806451612903226,58.625,125.0,66.92307692307692,95.0
918,8,9,13,18,0.5294117647058824,0.5806451612903226,59.625,126.0,67.92307692307692,96.0
919,9,9,13,17,0.5,0.5666666666666667,53.888888888888886,127.0,68.92307692307692,87.05882352941177
920,9,9,13,17,0.5,0.5666666666666667,54.888888888888886,128.0,69.92307692307692,88.05882352941177
921,8,9,13,17,0.5294117647058824,0.5666666666666667,58.625,129.0,70.92307692307692,89.05882352941177
922,8,9,13,18,0.5294117647058824,0.5806451612903226,59.625,130.0,71.92307692307692,85.05555555555556
923,8,9,14,19,0.5294117647058824,0.5757575757575758,60.625,131.0,67.71428571428571,81.52631578947368
924,8,9,14,19,0.5294117647058824,0.5757575757575758,61.625,132.0,68.71428571428571,82.52631578947368
925,8,9,14,19,0.5294117647058824,0.5757575757575758,62.625,133.0,69.71428571428571,75.89473684210526
926,8,9,15,19,0.5294117647058824,0.5588235294117647,63.625,134.0,66.0,76.89473684210526
927,8,9,13,17,0.5294117647058824,0.5666666666666667,64.625,135.0,59.69230769230769,76.29411764705883
928,8,9,13,17,0.5294117647058824,0.5666666666666667,65.625,136.0,60.69230769230769,77.29411764705883
929,8,9,13,17,0.5294117647058824,0.5666666666666667,66.625,137.0,61.69230769230769,78.29411764705883
930,8,9,13,17,0.5294117647058824,0.5666666666666667,67.625,138.0,62.69230769230769,79.29411764705883
931,8,9,13,17,0.5294117647058824,0.5666666666666667,68.625,139.0,63.69230769230769,80.29411764705883
932,8,9,12,17,0.5294117647058824,0.5862068965517241,69.625,140.0,69.33333333333333,81.29411764705883
933,8,9,12,17,0.5294117647058824,0.5862068965517241,70.625,141.0,70.33333333333333,82.29411764705883
934,8,9,12,16,0.5294117647058824,0.5714285714285714,71.625,142.0,71.33333333333333,85.375
935,7,9,12,16,0.5625,0.5714285714285714,72.0,143.0,72.33333333333333,86.375
936,7,8,12,17,0.5333333333333333,0.5862068965517241,73.0,140.5,73.33333333333333,82.23529411764706
937,8,8,13,18,0.5,0.5806451612903226,64.75,141.5,58.30769230769231,78.61111111111111
938,8,8,13,18,0.5,0.5806451612903226,65.75,142.5,59.30769230769231,79.61111111111111
939,8,8,13,18,0.5,0.5806451612903226,66.75,143.5,60.30769230769231,80.61111111111111
940,8,8,12,18,0.5,0.6,67.75,144.5,64.16666666666667,81.61111111111111
941,8,8,13,17,0.5,0.5666666666666667,68.75,145.5,60.15384615384615,86.3529411764706
942,8,8,13,17,0.5,0.5666666666666667,69.75,146.5,61.15384615384615,87.3529411764706
943,9,8,12,18,0.47058823529411764,0.6,62.888888888888886,147.5,65.91666666666667,83.44444444444444
944,9,8,12,18,0.47058823529411764,0.6,63.888888888888886,148.5,66.91666666666667,84.44444444444444
945,9,8,12,18,0.47058823529411764,0.6,64.88888888888889,149.5,67.91666666666667,85.44444444444444
946,9,8,12,18,0.47058823529411764,0.6,65.88888888888889,150.5,68.91666666666667,86.44444444444444
947,9,8,12,18,0.47058823529411764,0.6,66.88888888888889,151.5,69.91666666666667,87.44444444444444
948,9,8,12,19,0.47058823529411764,0.6129032258064516,67.88888888888889,152.5,70.91666666666667,83.78947368421052
949,9,8,12,20,0.47058823529411764,0.625,68.88888888888889,153.5,71.91666666666667,80.55
950,9,8,14,19,0.47058823529411764,0.5757575757575758,69.88888888888889,154.5,62.5,83.05263157894737
951,9,8,14,20,0.47058823529411764,0.5882352941176471,70.88888888888889,155.5,63.5,79.85
952,9,8,15,21,0.47058823529411764,0.5833333333333334,71.88888888888889,156.5,60.2,77.0
953,8,8,15,21,0.5,0.5833333333333334,77.75,157.5,61.2,78.0
954,8,8,15,21,0.5,0.5833333333333334,78.75,158.5,62.2,77.52380952380952
955,8,9,14,21,0.5294117647058824,0.6,79.75,141.77777777777777,66.42857142857143,75.23809523809524
956,8,8,12,21,0.5,0.6363636363636364,80.75,149.0,64.66666666666667,76.23809523809524
957,8,8,12,21,0.5,0.6363636363636364,81.75,150.0,65.66666666666667,77.23809523809524
958,8,8,12,21,0.5,0.6363636363636364,82.75,151.0,66.66666666666667,78.23809523809524
959,8,8,12,21,0.5,0.6363636363636364,83.75,152.0,67.66666666666667,79.23809523809524
960,8,8,12,21,0.5,0.6363636363636364,84.75,153.0,68.66666666666667,80.23809523809524
961,8,8,12,21,0.5,0.6363636363636364,85.75,154.0,69.66666666666667,81.23809523809524
962,8,8,12,21,0.5,0.6363636363636364,86.75,155.0,70.66666666666667,82.23809523809524
963,8,8,12,21,0.5,0.6363636363636364,87.75,156.0,71.66666666666667,83.23809523809524
964,9,8,11,21,0.47058823529411764,0.65625,78.88888888888889,157.0,67.18181818181819,84.23809523809524
965,8,8,12,21,0.5,0.6363636363636364,81.5,80.0,62.5,77.0952380952381
966,8,8,13,21,0.5,0.6176470588235294,82.5,81.0,58.61538461538461,78.0952380952381
967,8,8,13,21,0.5,0.6176470588235294,83.5,82.0,59.61538461538461,79.0952380952381
968,8,8,14,21,0.5,0.6,84.5,54.875,56.285714285714285,74.85714285714286
969,8,8,14,21,0.5,0.6,85.5,55.875,57.285714285714285,74.61904761904762
970,8,9,13,21,0.5294117647058824,0.6176470588235294,86.5,50.55555555555556,52.53846153846154,75.61904761904762
971,8,11,13,20,0.5789473684210527,0.6060606060606061,87.5,42.18181818181818,53.53846153846154,77.85
972,8,12,12,18,0.6,0.6,88.5,39.583333333333336,58.583333333333336,71.5
973,8,12,12,17,0.6,0.5862068965517241,89.5,40.583333333333336,59.583333333333336,76.52941176470588
974,8,12,12,17,0.6,0.5862068965517241,90.5,41.583333333333336,60.583333333333336,77.52941176470588
975,8,12,12,18,0.6,0.6,91.5,42.583333333333336,61.583333333333336,74.16666666666667
976,8,12,12,18,0.6,0.6,92.5,43.583333333333336,62.583333333333336,75.16666666666667
977,7,12,12,17,0.631578947368421,0.5862068965517241,102.0,44.583333333333336,63.583333333333336,79.94117647058823
978,7,12,11,17,0.631578947368421,0.6071428571428571,103.0,45.583333333333336,60.09090909090909,80.94117647058823
979,7,12,11,16,0.631578947368421,0.5925925925925926,104.0,46.583333333333336,61.09090909090909,86.8125
980,8,12,10,15,0.6,0.6,91.875,47.583333333333336,56.8,90.8
981,8,12,9,16,0.6,0.64,92.875,48.583333333333336,59.77777777777778,86.0625
982,8,12,9,16,0.6,0.64,93.875,49.583333333333336,60.77777777777778,87.0625
983,8,13,9,16,0.6190476190476191,0.64,94.875,46.69230769230769,61.77777777777778,78.875
984,8,13,9,17,0.6190476190476191,0.6538461538461539,95.875,47.69230769230769,62.77777777777778,75.17647058823529
985,8,13,9,17,0.6190476190476191,0.6538461538461539,96.875,48.69230769230769,63.77777777777778,76.17647058823529
986,8,13,9,18,0.6190476190476191,0.6666666666666666,97.875,49.69230769230769,64.77777777777777,72.88888888888889
987,9,13,9,17,0.5909090909090909,0.6538461538461539,87.88888888888889,50.69230769230769,65.77777777777777,76.17647058823529
988,8,13,10,18,0.6190476190476191,0.6428571428571429,77.25,51.69230769230769,60.1,72.88888888888889
989,8,13,10,20,0.6190476190476191,0.6666666666666666,78.25,52.69230769230769,61.1,66.5
990,8,13,10,20,0.6190476190476191,0.6666666666666666,79.25,53.69230769230769,62.1,67.5
991,8,13,10,20,0.6190476190476191,0.6666666666666666,80.25,54.69230769230769,63.1,68.5
992,8,12,10,19,0.6,0.6551724137931034,81.25,51.75,64.1,72.73684210526316
993,8,12,10,20,0.6,0.6666666666666666,82.25,52.75,65.1,70.05
994,8,12,11,20,0.6,0.6451612903225806,83.25,53.75,60.09090909090909,71.05
995,9,12,9,20,0.5714285714285714,0.6896551724137931,74.88888888888889,54.75,56.55555555555556,72.05
996,9,11,9,20,0.55,0.6896551724137931,75.88888888888889,53.18181818181818,57.55555555555556,73.05
997,9,11,9,19,0.55,0.6785714285714286,76.88888888888889,54.18181818181818,58.55555555555556,75.73684210526316
998,9,11,8,19,0.55,0.7037037037037037,74.11111111111111,55.18181818181818,46.5,76.73684210526316
999,9,10,8,18,0.5263157894736842,0.6923076923076923,75.11111111111111,58.4,47.5,74.61111111111111
1000,9,10,8,18,0.5263157894736842,0.6923076923076923,75.11111111111111,58.4,47.5,74.61111111111111
